Workbook

Sheet Nov2022
C1: =IFERROR(__xludf.DUMMYFUNCTION("SPARKLINE((SUM(B16:H16)+3*SUM(T15:U15) + SUM(K16:Q16) + SUM(B33:H33) + SUM(K33:Q33) + 3*SUM(T32:U32)+ 5*SUM(X19))/45,{""charttype"",""bar"";""max"",1;""min"",0;""color1"",IF((SUM(B16:H16)+3*SUM(T15:U15) + SUM(K16:Q16) + SUM(B33:H33) + SUM(K33:Q33) + 3*SUM"&"(T32:U32)+ 5*SUM(X19))/45>0.7,""green"",IF((SUM(B16:H16)+3*SUM(T15:U15) + SUM(K16:Q16) + SUM(B33:H33) + SUM(K33:Q33) + 3*SUM(T32:U32)+ 5*SUM(X19))/45>0.5,""yellow"",""red""))})"),"") | R1: =(SUM(B16:H16)+3*SUM(T15:U15) + SUM(K16:Q16) + SUM(B33:H33) + SUM(K33:Q33) + 3*SUM(T32:U32) + 5*SUM(X19))/45 -> 0.73050505 | S1: Points | T1: {=COUNTIF(B5:H15,TRUE)+COUNTIF(K5:Q15,TRUE)+COUNTIF(B22:H32,TRUE)+COUNTIF(K22:Q32,TRUE)+3*(COUNTIF(T5:U14,TRUE)+COUNTIF(T22:U31,TRUE))+5*(COUNTIF(X15:X18,TRUE))} -> 317
A2: 44866
A3: Week 1 | B3: =DATE(YEAR(A2),MONTH(A2),1)+MOD(9-WEEKDAY(DATE(YEAR(A2),MONTH(A2),1)),7) -> 44872 | C3: =B3+1 -> 44873 | D3: =C3+1 -> 44874 | E3: =D3+1 -> 44875 | F3: =E3+1 -> 44876 | G3: =F3+1 -> 44877 | H3: =G3+1 -> 44878 | J3: Week 2 | K3: =H3+1 -> 44879 | L3: =K3+1 -> 44880 | M3: =L3+1 -> 44881 | N3: =M3+1 -> 44882 | O3: =N3+1 -> 44883 | P3: =O3+1 -> 44884 | Q3: =P3+1 -> 44885
A4: Day | B4: =CHOOSE(WEEKDAY(B3,2),"Mon","Tue","Wed","Thu","Fri","Sat","Sun") -> Mon | C4: =CHOOSE(WEEKDAY(C3,2),"Mon","Tue","Wed","Thu","Fri","Sat","Sun") -> Tue | D4: =CHOOSE(WEEKDAY(D3,2),"Mon","Tue","Wed","Thu","Fri","Sat","Sun") -> Wed | E4: =CHOOSE(WEEKDAY(E3,2),"Mon","Tue","Wed","Thu","Fri","Sat","Sun") -> Thu | F4: =CHOOSE(WEEKDAY(F3,2),"Mon","Tue","Wed","Thu","Fri","Sat","Sun") -> Fri | G4: =CHOOSE(WEEKDAY(G3,2),"Mon","Tue","Wed","Thu","Fri","Sat","Sun") -> Sat | H4: =CHOOSE(WEEKDAY(H3,2),"Mon","Tue","Wed","Thu","Fri","Sat","Sun") -> Sun | J4: Day | K4: =CHOOSE(WEEKDAY(K3,2),"Mon","Tue","Wed","Thu","Fri","Sat","Sun") -> Mon | L4: =CHOOSE(WEEKDAY(L3,2),"Mon","Tue","Wed","Thu","Fri","Sat","Sun") -> Tue | M4: =CHOOSE(WEEKDAY(M3,2),"Mon","Tue","Wed","Thu","Fri","Sat","Sun") -> Wed | N4: =CHOOSE(WEEKDAY(N3,2),"Mon","Tue","Wed","Thu","Fri","Sat","Sun") -> Thu | O4: =CHOOSE(WEEKDAY(O3,2),"Mon","Tue","Wed","Thu","Fri","Sat","Sun") -> Fri | P4: =CHOOSE(WEEKDAY(P3,2),"Mon","Tue","Wed","Thu","Fri","Sat","Sun") -> Sat | Q4: =CHOOSE(WEEKDAY(Q3,2),"Mon","Tue","Wed","Thu","Fri","Sat","Sun") -> Sun | S4: Weekly Goals | T4: Week 1 | U4: Week 2
A5: Exercise | B5: FALSE | C5: FALSE | D5: FALSE | E5: FALSE | F5: FALSE | G5: FALSE | H5: FALSE | J5: Exercise | K5: FALSE | L5: FALSE | M5: TRUE | N5: TRUE | O5: TRUE | P5: TRUE | Q5: TRUE | S5: Laundry | T5: TRUE | U5: TRUE
A6: Stretch/Yoga (>20min) | B6: FALSE | C6: FALSE | D6: FALSE | E6: FALSE | F6: FALSE | G6: FALSE | H6: FALSE | J6: Stretch/Yoga (>20min) | K6: FALSE | L6: FALSE | M6: FALSE | N6: TRUE | O6: TRUE | P6: TRUE | Q6: TRUE | S6: Cleaning | T6: TRUE | U6: TRUE
A7: Social Media (<Limit) | B7: TRUE | C7: TRUE | D7: TRUE | E7: TRUE | F7: TRUE | G7: FALSE | H7: TRUE | J7: Social Media (<Limit) | K7: TRUE | L7: TRUE | M7: TRUE | N7: TRUE | O7: TRUE | P7: TRUE | Q7: TRUE | S7: Grocery Shop | T7: TRUE | U7: TRUE
A8: Eat in | B8: FALSE | C8: TRUE | D8: TRUE | E8: TRUE | F8: TRUE | G8: TRUE | H8: FALSE | J8: Eat in | K8: TRUE | L8: TRUE | M8: TRUE | N8: TRUE | O8: TRUE | P8: TRUE | Q8: TRUE | S8: Meal Prep | T8: TRUE | U8: TRUE
A9: Review Budget/Goals | B9: TRUE | C9: TRUE | D9: TRUE | E9: TRUE | F9: TRUE | G9: TRUE | H9: TRUE | J9: Review Budget/Goals | K9: TRUE | L9: TRUE | M9: TRUE | N9: TRUE | O9: TRUE | P9: TRUE | Q9: TRUE | S9: Website work (~2h) | T9: FALSE | U9: FALSE
A10: Brush Teeth (>=2) | B10: TRUE | C10: TRUE | D10: TRUE | E10: TRUE | F10: TRUE | G10: TRUE | H10: TRUE | J10: Brush Teeth (>=2) | K10: TRUE | L10: TRUE | M10: TRUE | N10: TRUE | O10: TRUE | P10: TRUE | Q10: TRUE | S10: Recycling | T10: TRUE | U10: TRUE
A11: Water (>2.25) | B11: FALSE | C11: FALSE | D11: FALSE | E11: FALSE | F11: FALSE | G11: FALSE | H11: FALSE | J11: Water (>2.25) | K11: FALSE | L11: FALSE | M11: TRUE | N11: TRUE | O11: TRUE | P11: TRUE | Q11: TRUE | S11: Trash | T11: TRUE | U11: TRUE
A12: 7 hours sleep | B12: TRUE | C12: FALSE | D12: TRUE | E12: TRUE | F12: TRUE | G12: TRUE | H12: FALSE | J12: 7 hours sleep | K12: TRUE | L12: FALSE | M12: TRUE | N12: TRUE | O12: FALSE | P12: TRUE | Q12: TRUE | S12: Shave/Trim | T12: FALSE | U12: TRUE
A13: Clean (~20 min) | B13: FALSE | C13: TRUE | D13: FALSE | E13: TRUE | F13: FALSE | G13: FALSE | H13: TRUE | J13: Clean (~20 min) | K13: TRUE | L13: TRUE | M13: FALSE | N13: TRUE | O13: TRUE | P13: TRUE | Q13: TRUE | S13: Water Plants | T13: TRUE | U13: FALSE
A14: Read (~20 min) | B14: FALSE | C14: FALSE | D14: FALSE | E14: FALSE | F14: FALSE | G14: FALSE | H14: FALSE | J14: Read (~20 min) | K14: FALSE | L14: FALSE | M14: FALSE | N14: FALSE | O14: TRUE | P14: TRUE | Q14: FALSE | S14: Weekend Exercise | T14: FALSE | U14: TRUE | W14: Monthly Goals
A15: Vitamins | B15: TRUE | C15: TRUE | D15: TRUE | E15: TRUE | F15: TRUE | G15: TRUE | H15: TRUE | J15: Vitamins | K15: TRUE | L15: TRUE | M15: TRUE | N15: TRUE | O15: TRUE | P15: TRUE | Q15: TRUE | S15: Total | T15: =COUNTIF(T5:T14,True)/COUNTA(T5:T14) -> 0.7 | U15: =COUNTIF(U5:U14,True)/COUNTA(U5:U14) -> 0.8 | W15: Wash Sheets | X15: TRUE
A16: Total | B16: =COUNTIF(B5:B15,True)/COUNTA(B5:B15) -> 0.45454545 | C16: =COUNTIF(C5:C15,True)/COUNTA(C5:C15) -> 0.54545455 | D16: =COUNTIF(D5:D15,True)/COUNTA(D5:D15) -> 0.54545455 | E16: =COUNTIF(E5:E15,True)/COUNTA(E5:E15) -> 0.63636364 | F16: =COUNTIF(F5:F15,True)/COUNTA(F5:F15) -> 0.54545455 | G16: =COUNTIF(G5:G15,True)/COUNTA(G5:G15) -> 0.45454545 | H16: =COUNTIF(H5:H15,True)/COUNTA(H5:H15) -> 0.45454545 | J16: Total | K16: =COUNTIF(K5:K15,True)/COUNTA(K5:K15) -> 0.63636364 | L16: =COUNTIF(L5:L15,True)/COUNTA(L5:L15) -> 0.54545455 | M16: =COUNTIF(M5:M15,True)/COUNTA(M5:M15) -> 0.72727273 | N16: =COUNTIF(N5:N15,True)/COUNTA(N5:N15) -> 0.90909091 | O16: =COUNTIF(O5:O15,True)/COUNTA(O5:O15) -> 0.90909091 | P16: =COUNTIF(P5:P15,True)/COUNTA(P5:P15) -> 1 | Q16: =COUNTIF(Q5:Q15,True)/COUNTA(Q5:Q15) -> 0.90909091 | S16: Progress bar | T16: =IFERROR(__xludf.DUMMYFUNCTION("SPARKLINE(T15,{""charttype"",""bar"";""max"",1;""min"",0;""color1"",IF(T15>0.7,""green"",IF(T15>0.5,""yellow"",""red""))})"),"") | U16: =IFERROR(__xludf.DUMMYFUNCTION("SPARKLINE(U15,{""charttype"",""bar"";""max"",1;""min"",0;""color1"",IF(U15>0.7,""green"",IF(U15>0.5,""yellow"",""red""))})"),"") | W16: Savings Deposit | X16: TRUE
A17: Daily Progress | B17: =IFERROR(__xludf.DUMMYFUNCTION("SPARKLINE(B16,{""charttype"",""bar"";""max"",1;""min"",0;""color1"",IF(B16>0.7,""green"",IF(B16>0.5,""yellow"",""red""))})"),"") | C17: =IFERROR(__xludf.DUMMYFUNCTION("SPARKLINE(C16,{""charttype"",""bar"";""max"",1;""min"",0;""color1"",IF(C16>0.7,""green"",IF(C16>0.5,""yellow"",""red""))})"),"") | D17: =IFERROR(__xludf.DUMMYFUNCTION("SPARKLINE(D16,{""charttype"",""bar"";""max"",1;""min"",0;""color1"",IF(D16>0.7,""green"",IF(D16>0.5,""yellow"",""red""))})"),"") | E17: =IFERROR(__xludf.DUMMYFUNCTION("SPARKLINE(E16,{""charttype"",""bar"";""max"",1;""min"",0;""color1"",IF(E16>0.7,""green"",IF(E16>0.5,""yellow"",""red""))})"),"") | F17: =IFERROR(__xludf.DUMMYFUNCTION("SPARKLINE(F16,{""charttype"",""bar"";""max"",1;""min"",0;""color1"",IF(F16>0.7,""green"",IF(F16>0.5,""yellow"",""red""))})"),"") | G17: =IFERROR(__xludf.DUMMYFUNCTION("SPARKLINE(G16,{""charttype"",""bar"";""max"",1;""min"",0;""color1"",IF(G16>0.7,""green"",IF(G16>0.5,""yellow"",""red""))})"),"") | H17: =IFERROR(__xludf.DUMMYFUNCTION("SPARKLINE(H16,{""charttype"",""bar"";""max"",1;""min"",0;""color1"",IF(H16>0.7,""green"",IF(H16>0.5,""yellow"",""red""))})"),"") | J17: Daily Progress | K17: =IFERROR(__xludf.DUMMYFUNCTION("SPARKLINE(K16,{""charttype"",""bar"";""max"",1;""min"",0;""color1"",IF(K16>0.7,""green"",IF(K16>0.5,""yellow"",""red""))})"),"") | L17: =IFERROR(__xludf.DUMMYFUNCTION("SPARKLINE(L16,{""charttype"",""bar"";""max"",1;""min"",0;""color1"",IF(L16>0.7,""green"",IF(L16>0.5,""yellow"",""red""))})"),"") | M17: =IFERROR(__xludf.DUMMYFUNCTION("SPARKLINE(M16,{""charttype"",""bar"";""max"",1;""min"",0;""color1"",IF(M16>0.7,""green"",IF(M16>0.5,""yellow"",""red""))})"),"") | N17: =IFERROR(__xludf.DUMMYFUNCTION("SPARKLINE(N16,{""charttype"",""bar"";""max"",1;""min"",0;""color1"",IF(N16>0.7,""green"",IF(N16>0.5,""yellow"",""red""))})"),"") | O17: =IFERROR(__xludf.DUMMYFUNCTION("SPARKLINE(O16,{""charttype"",""bar"";""max"",1;""min"",0;""color1"",IF(O16>0.7,""green"",IF(O16>0.5,""yellow"",""red""))})"),"") | P17: =IFERROR(__xludf.DUMMYFUNCTION("SPARKLINE(P16,{""charttype"",""bar"";""max"",1;""min"",0;""color1"",IF(P16>0.7,""green"",IF(P16>0.5,""yellow"",""red""))})"),"") | Q17: =IFERROR(__xludf.DUMMYFUNCTION("SPARKLINE(Q16,{""charttype"",""bar"";""max"",1;""min"",0;""color1"",IF(Q16>0.7,""green"",IF(Q16>0.5,""yellow"",""red""))})"),"") | W17: Loan Payment | X17: TRUE
A18: Weekly Progress | B18: =IFERROR(__xludf.DUMMYFUNCTION("SPARKLINE((SUM(B16:H16)+3*T15)/10,{""charttype"",""bar"";""max"",1;""min"",0;""color1"",IF((SUM(B16:H16)+3*T15)/10>0.7,""green"",IF((SUM(B16:H16)+3*T15)/10>0.5,""yellow"",""red""))})"),"") | J18: Weekly Progress | K18: =IFERROR(__xludf.DUMMYFUNCTION("SPARKLINE((SUM(K16:Q16)+3*U15)/10,{""charttype"",""bar"";""max"",1;""min"",0;""color1"",IF((SUM(K16:Q16)+3*U15)/10>0.7,""green"",IF((SUM(K16:Q16)+3*U15)/10>0.5,""yellow"",""red""))})"),"") | W18: Wash mats | X18: TRUE
W19: Total | X19: =COUNTIF(X15:X18,True)/COUNTA(X15:X18) -> 1
A20: Week 3 | B20: =Q3+1 -> 44886 | C20: =B20+1 -> 44887 | D20: =C20+1 -> 44888 | E20: =D20+1 -> 44889 | F20: =E20+1 -> 44890 | G20: =F20+1 -> 44891 | H20: =G20+1 -> 44892 | J20: Week 4 | K20: =H20+1 -> 44893 | L20: =K20+1 -> 44894 | M20: =L20+1 -> 44895 | N20: =M20+1 -> 44896 | O20: =N20+1 -> 44897 | P20: =O20+1 -> 44898 | Q20: =P20+1 -> 44899 | W20: Progress bar | X20: =IFERROR(__xludf.DUMMYFUNCTION("SPARKLINE(X19,{""charttype"",""bar"";""max"",1;""min"",0;""color1"",IF(X19>0.7,""green"",IF(X19>0.5,""yellow"",""red""))})"),"")
A21: Day | B21: =CHOOSE(WEEKDAY(B20,2),"Mon","Tue","Wed","Thu","Fri","Sat","Sun") -> Mon | C21: =CHOOSE(WEEKDAY(C20,2),"Mon","Tue","Wed","Thu","Fri","Sat","Sun") -> Tue | D21: =CHOOSE(WEEKDAY(D20,2),"Mon","Tue","Wed","Thu","Fri","Sat","Sun") -> Wed | E21: =CHOOSE(WEEKDAY(E20,2),"Mon","Tue","Wed","Thu","Fri","Sat","Sun") -> Thu | F21: =CHOOSE(WEEKDAY(F20,2),"Mon","Tue","Wed","Thu","Fri","Sat","Sun") -> Fri | G21: =CHOOSE(WEEKDAY(G20,2),"Mon","Tue","Wed","Thu","Fri","Sat","Sun") -> Sat | H21: =CHOOSE(WEEKDAY(H20,2),"Mon","Tue","Wed","Thu","Fri","Sat","Sun") -> Sun | J21: Day | K21: =CHOOSE(WEEKDAY(K20,2),"Mon","Tue","Wed","Thu","Fri","Sat","Sun") -> Mon | L21: =CHOOSE(WEEKDAY(L20,2),"Mon","Tue","Wed","Thu","Fri","Sat","Sun") -> Tue | M21: =CHOOSE(WEEKDAY(M20,2),"Mon","Tue","Wed","Thu","Fri","Sat","Sun") -> Wed | N21: =CHOOSE(WEEKDAY(N20,2),"Mon","Tue","Wed","Thu","Fri","Sat","Sun") -> Thu | O21: =CHOOSE(WEEKDAY(O20,2),"Mon","Tue","Wed","Thu","Fri","Sat","Sun") -> Fri | P21: =CHOOSE(WEEKDAY(P20,2),"Mon","Tue","Wed","Thu","Fri","Sat","Sun") -> Sat | Q21: =CHOOSE(WEEKDAY(Q20,2),"Mon","Tue","Wed","Thu","Fri","Sat","Sun") -> Sun | S21: Weekly Goals | T21: Week 3 | U21: Week 4
A22: Exercise | B22: TRUE | C22: TRUE | D22: TRUE | E22: FALSE | F22: TRUE | G22: TRUE | H22: FALSE | J22: Exercise | K22: TRUE | L22: FALSE | M22: FALSE | N22: FALSE | O22: FALSE | P22: FALSE | Q22: FALSE | S22: Laundry | T22: TRUE | U22: TRUE
A23: Stretch/Yoga (>20min) | B23: TRUE | C23: TRUE | D23: FALSE | E23: FALSE | F23: FALSE | G23: TRUE | H23: FALSE | J23: Stretch/Yoga (>20min) | K23: TRUE | L23: FALSE | M23: FALSE | N23: FALSE | O23: FALSE | P23: FALSE | Q23: FALSE | S23: Cleaning | T23: TRUE | U23: TRUE
A24: Social Media (<Limit) | B24: TRUE | C24: TRUE | D24: TRUE | E24: TRUE | F24: TRUE | G24: TRUE | H24: TRUE | J24: Social Media (<Limit) | K24: TRUE | L24: TRUE | M24: TRUE | N24: TRUE | O24: TRUE | P24: TRUE | Q24: TRUE | S24: Grocery Shop | T24: TRUE | U24: TRUE
A25: Eat in | B25: TRUE | C25: TRUE | D25: TRUE | E25: TRUE | F25: TRUE | G25: TRUE | H25: TRUE | J25: Eat in | K25: TRUE | L25: TRUE | M25: TRUE | N25: TRUE | O25: TRUE | P25: FALSE | Q25: TRUE | S25: Meal Prep | T25: TRUE | U25: TRUE
A26: Review Budget/Goals | B26: TRUE | C26: TRUE | D26: TRUE | E26: TRUE | F26: TRUE | G26: TRUE | H26: TRUE | J26: Review Budget/Goals | K26: TRUE | L26: TRUE | M26: TRUE | N26: TRUE | O26: TRUE | P26: TRUE | Q26: TRUE | S26: Website work (~2h) | T26: FALSE | U26: FALSE
A27: Brush Teeth (>=2) | B27: TRUE | C27: TRUE | D27: TRUE | E27: TRUE | F27: TRUE | G27: TRUE | H27: TRUE | J27: (2x)Brush+(1x)Floss | K27: TRUE | L27: FALSE | M27: FALSE | N27: FALSE | O27: FALSE | P27: TRUE | Q27: TRUE | S27: Recycling | T27: TRUE | U27: TRUE
A28: Water (>2.25) | B28: TRUE | C28: TRUE | D28: FALSE | E28: FALSE | F28: FALSE | G28: TRUE | H28: TRUE | J28: Water (>2.25) | K28: TRUE | L28: FALSE | M28: FALSE | N28: FALSE | O28: FALSE | P28: FALSE | Q28: FALSE | S28: Trash | T28: TRUE | U28: TRUE
A29: 7 hours sleep | B29: TRUE | C29: TRUE | D29: FALSE | E29: TRUE | F29: TRUE | G29: FALSE | H29: TRUE | J29: 7 hours sleep | K29: TRUE | L29: FALSE | M29: TRUE | N29: TRUE | O29: TRUE | P29: TRUE | Q29: FALSE | S29: Shave/Trim | T29: TRUE | U29: TRUE
A30: Clean (~20 min) | B30: TRUE | C30: TRUE | D30: FALSE | E30: TRUE | F30: TRUE | G30: TRUE | H30: FALSE | J30: Clean (~20 min) | K30: TRUE | L30: FALSE | M30: FALSE | N30: FALSE | O30: TRUE | P30: TRUE | Q30: FALSE | S30: Water Plants | T30: TRUE | U30: TRUE
A31: Read (~20 min) | B31: TRUE | C31: TRUE | D31: FALSE | E31: FALSE | F31: FALSE | G31: TRUE | H31: FALSE | J31: Read (~20 min) | K31: FALSE | L31: FALSE | M31: FALSE | N31: FALSE | O31: TRUE | P31: FALSE | Q31: FALSE | S31: Weekend Exercise | T31: TRUE | U31: FALSE
A32: Vitamins | B32: TRUE | C32: TRUE | D32: TRUE | E32: TRUE | F32: TRUE | G32: TRUE | H32: TRUE | J32: Vitamins | K32: TRUE | L32: TRUE | M32: FALSE | N32: FALSE | O32: FALSE | P32: TRUE | Q32: TRUE | S32: Total | T32: =COUNTIF(T22:T31,True)/COUNTA(T22:T31) -> 0.9 | U32: =COUNTIF(U22:U31,True)/COUNTA(U22:U31) -> 0.8
A33: Total | B33: =COUNTIF(B22:B32,True)/COUNTA(B22:B32) -> 1 | C33: =COUNTIF(C22:C32,True)/COUNTA(C22:C32) -> 1 | D33: =COUNTIF(D22:D32,True)/COUNTA(D22:D32) -> 0.54545455 | E33: =COUNTIF(E22:E32,True)/COUNTA(E22:E32) -> 0.63636364 | F33: =COUNTIF(F22:F32,True)/COUNTA(F22:F32) -> 0.72727273 | G33: =COUNTIF(G22:G32,True)/COUNTA(G22:G32) -> 0.90909091 | H33: =COUNTIF(H22:H32,True)/COUNTA(H22:H32) -> 0.63636364 | J33: Total | K33: =COUNTIF(K22:K32,True)/COUNTA(K22:K32) -> 0.90909091 | L33: =COUNTIF(L22:L32,True)/COUNTA(L22:L32) -> 0.36363636 | M33: =COUNTIF(M22:M32,True)/COUNTA(M22:M32) -> 0.36363636 | N33: =COUNTIF(N22:N32,True)/COUNTA(N22:N32) -> 0.36363636 | O33: =COUNTIF(O22:O32,True)/COUNTA(O22:O32) -> 0.54545455 | P33: =COUNTIF(P22:P32,True)/COUNTA(P22:P32) -> 0.54545455 | Q33: =COUNTIF(Q22:Q32,True)/COUNTA(Q22:Q32) -> 0.45454545 | S33: Progress bar | T33: =IFERROR(__xludf.DUMMYFUNCTION("SPARKLINE(T32,{""charttype"",""bar"";""max"",1;""min"",0;""color1"",IF(T32>0.7,""green"",IF(T32>0.5,""yellow"",""red""))})"),"") | U33: =IFERROR(__xludf.DUMMYFUNCTION("SPARKLINE(U32,{""charttype"",""bar"";""max"",1;""min"",0;""color1"",IF(U32>0.7,""green"",IF(U32>0.5,""yellow"",""red""))})"),"")
A34: Daily Progress | B34: =IFERROR(__xludf.DUMMYFUNCTION("SPARKLINE(B33,{""charttype"",""bar"";""max"",1;""min"",0;""color1"",IF(B33>0.7,""green"",IF(B33>0.5,""yellow"",""red""))})"),"") | C34: =IFERROR(__xludf.DUMMYFUNCTION("SPARKLINE(C33,{""charttype"",""bar"";""max"",1;""min"",0;""color1"",IF(C33>0.7,""green"",IF(C33>0.5,""yellow"",""red""))})"),"") | D34: =IFERROR(__xludf.DUMMYFUNCTION("SPARKLINE(D33,{""charttype"",""bar"";""max"",1;""min"",0;""color1"",IF(D33>0.7,""green"",IF(D33>0.5,""yellow"",""red""))})"),"") | E34: =IFERROR(__xludf.DUMMYFUNCTION("SPARKLINE(E33,{""charttype"",""bar"";""max"",1;""min"",0;""color1"",IF(E33>0.7,""green"",IF(E33>0.5,""yellow"",""red""))})"),"") | F34: =IFERROR(__xludf.DUMMYFUNCTION("SPARKLINE(F33,{""charttype"",""bar"";""max"",1;""min"",0;""color1"",IF(F33>0.7,""green"",IF(F33>0.5,""yellow"",""red""))})"),"") | G34: =IFERROR(__xludf.DUMMYFUNCTION("SPARKLINE(G33,{""charttype"",""bar"";""max"",1;""min"",0;""color1"",IF(G33>0.7,""green"",IF(G33>0.5,""yellow"",""red""))})"),"") | H34: =IFERROR(__xludf.DUMMYFUNCTION("SPARKLINE(H33,{""charttype"",""bar"";""max"",1;""min"",0;""color1"",IF(H33>0.7,""green"",IF(H33>0.5,""yellow"",""red""))})"),"") | J34: Daily Progress | K34: =IFERROR(__xludf.DUMMYFUNCTION("SPARKLINE(K33,{""charttype"",""bar"";""max"",1;""min"",0;""color1"",IF(K33>0.7,""green"",IF(K33>0.5,""yellow"",""red""))})"),"") | L34: =IFERROR(__xludf.DUMMYFUNCTION("SPARKLINE(L33,{""charttype"",""bar"";""max"",1;""min"",0;""color1"",IF(L33>0.7,""green"",IF(L33>0.5,""yellow"",""red""))})"),"") | M34: =IFERROR(__xludf.DUMMYFUNCTION("SPARKLINE(M33,{""charttype"",""bar"";""max"",1;""min"",0;""color1"",IF(M33>0.7,""green"",IF(M33>0.5,""yellow"",""red""))})"),"") | N34: =IFERROR(__xludf.DUMMYFUNCTION("SPARKLINE(N33,{""charttype"",""bar"";""max"",1;""min"",0;""color1"",IF(N33>0.7,""green"",IF(N33>0.5,""yellow"",""red""))})"),"") | O34: =IFERROR(__xludf.DUMMYFUNCTION("SPARKLINE(O33,{""charttype"",""bar"";""max"",1;""min"",0;""color1"",IF(O33>0.7,""green"",IF(O33>0.5,""yellow"",""red""))})"),"") | P34: =IFERROR(__xludf.DUMMYFUNCTION("SPARKLINE(P33,{""charttype"",""bar"";""max"",1;""min"",0;""color1"",IF(P33>0.7,""green"",IF(P33>0.5,""yellow"",""red""))})"),"") | Q34: =IFERROR(__xludf.DUMMYFUNCTION("SPARKLINE(Q33,{""charttype"",""bar"";""max"",1;""min"",0;""color1"",IF(Q33>0.7,""green"",IF(Q33>0.5,""yellow"",""red""))})"),"")
A35: Weekly Progress | B35: =IFERROR(__xludf.DUMMYFUNCTION("SPARKLINE((SUM(B33:H33)+3*T32)/10,{""charttype"",""bar"";""max"",1;""min"",0;""color1"",IF((SUM(B33:H33)+3*T32)/10>0.7,""green"",IF((SUM(B33:H33)+3*T32)/10>0.5,""yellow"",""red""))})"),"") | J35: Weekly Progress | K35: =IFERROR(__xludf.DUMMYFUNCTION("SPARKLINE((SUM(K33:Q33)+3*U32)/10,{""charttype"",""bar"";""max"",1;""min"",0;""color1"",IF((SUM(K33:Q33)+3*U32)/10>0.7,""green"",IF((SUM(K33:Q33)+3*U32)/10>0.5,""yellow"",""red""))})"),"")

Sheet Dec2022
C1: =IFERROR(__xludf.DUMMYFUNCTION("SPARKLINE((SUM(B16:H16)+3*SUM(T15:U15) + SUM(K16:Q16) + SUM(B33:H33) + SUM(K33:Q33) + 3*SUM(T32:U32)+ 5*SUM(X19))/45,{""charttype"",""bar"";""max"",1;""min"",0;""color1"",IF((SUM(B16:H16)+3*SUM(T15:U15) + SUM(K16:Q16) + SUM(B33:H33) + SUM(K33:Q33) + 3*SUM"&"(T32:U32)+ 5*SUM(X19))/45>0.7,""green"",IF((SUM(B16:H16)+3*SUM(T15:U15) + SUM(K16:Q16) + SUM(B33:H33) + SUM(K33:Q33) + 3*SUM(T32:U32)+ 5*SUM(X19))/45>0.5,""yellow"",""red""))})"),"") | R1: =(SUM(B16:H16)+3*SUM(T15:U15) + SUM(K16:Q16) + SUM(B33:H33) + SUM(K33:Q33) + 3*SUM(T32:U32) + 5*SUM(X19))/45 -> 0.7679798 | S1: Points | T1: {=COUNTIF(B5:H15,TRUE)+COUNTIF(K5:Q15,TRUE)+COUNTIF(B22:H32,TRUE)+COUNTIF(K22:Q32,TRUE)+3*(COUNTIF(T5:U14,TRUE)+COUNTIF(T22:U31,TRUE))+5*(COUNTIF(X15:X18,TRUE))} -> 344 | W1: YTD Points | X1: =T1+'Nov2022'!T1 -> 661
A2: 44896
A3: Week 1 | B3: =DATE(YEAR(A2),MONTH(A2),1)+MOD(9-WEEKDAY(DATE(YEAR(A2),MONTH(A2),1)),7) -> 44900 | C3: =B3+1 -> 44901 | D3: =C3+1 -> 44902 | E3: =D3+1 -> 44903 | F3: =E3+1 -> 44904 | G3: =F3+1 -> 44905 | H3: =G3+1 -> 44906 | J3: Week 2 | K3: =H3+1 -> 44907 | L3: =K3+1 -> 44908 | M3: =L3+1 -> 44909 | N3: =M3+1 -> 44910 | O3: =N3+1 -> 44911 | P3: =O3+1 -> 44912 | Q3: =P3+1 -> 44913
A4: Day | B4: =CHOOSE(WEEKDAY(B3,2),"Mon","Tue","Wed","Thu","Fri","Sat","Sun") -> Mon | C4: =CHOOSE(WEEKDAY(C3,2),"Mon","Tue","Wed","Thu","Fri","Sat","Sun") -> Tue | D4: =CHOOSE(WEEKDAY(D3,2),"Mon","Tue","Wed","Thu","Fri","Sat","Sun") -> Wed | E4: =CHOOSE(WEEKDAY(E3,2),"Mon","Tue","Wed","Thu","Fri","Sat","Sun") -> Thu | F4: =CHOOSE(WEEKDAY(F3,2),"Mon","Tue","Wed","Thu","Fri","Sat","Sun") -> Fri | G4: =CHOOSE(WEEKDAY(G3,2),"Mon","Tue","Wed","Thu","Fri","Sat","Sun") -> Sat | H4: =CHOOSE(WEEKDAY(H3,2),"Mon","Tue","Wed","Thu","Fri","Sat","Sun") -> Sun | J4: Day | K4: =CHOOSE(WEEKDAY(K3,2),"Mon","Tue","Wed","Thu","Fri","Sat","Sun") -> Mon | L4: =CHOOSE(WEEKDAY(L3,2),"Mon","Tue","Wed","Thu","Fri","Sat","Sun") -> Tue | M4: =CHOOSE(WEEKDAY(M3,2),"Mon","Tue","Wed","Thu","Fri","Sat","Sun") -> Wed | N4: =CHOOSE(WEEKDAY(N3,2),"Mon","Tue","Wed","Thu","Fri","Sat","Sun") -> Thu | O4: =CHOOSE(WEEKDAY(O3,2),"Mon","Tue","Wed","Thu","Fri","Sat","Sun") -> Fri | P4: =CHOOSE(WEEKDAY(P3,2),"Mon","Tue","Wed","Thu","Fri","Sat","Sun") -> Sat | Q4: =CHOOSE(WEEKDAY(Q3,2),"Mon","Tue","Wed","Thu","Fri","Sat","Sun") -> Sun | S4: Weekly Goals | T4: Week 1 | U4: Week 2
A5: Exercise | B5: TRUE | C5: TRUE | D5: TRUE | E5: FALSE | F5: TRUE | G5: FALSE | H5: FALSE | J5: =A5 -> Exercise | K5: FALSE | L5: TRUE | M5: TRUE | N5: TRUE | O5: FALSE | P5: FALSE | Q5: FALSE | S5: Laundry | T5: TRUE | U5: TRUE
A6: Stretch/Yoga (>20min) | B6: FALSE | C6: FALSE | D6: FALSE | E6: FALSE | F6: FALSE | G6: FALSE | H6: FALSE | J6: =A6 -> Stretch/Yoga (>20min) | K6: FALSE | L6: TRUE | M6: TRUE | N6: TRUE | O6: FALSE | P6: FALSE | Q6: TRUE | S6: Cleaning | T6: TRUE | U6: FALSE
A7: Social Media (<limit) | B7: TRUE | C7: TRUE | D7: TRUE | E7: TRUE | F7: TRUE | G7: TRUE | H7: TRUE | J7: =A7 -> Social Media (<limit) | K7: TRUE | L7: TRUE | M7: TRUE | N7: TRUE | O7: TRUE | P7: TRUE | Q7: TRUE | S7: Grocery Shop | T7: TRUE | U7: TRUE
A8: Eat in | B8: TRUE | C8: TRUE | D8: FALSE | E8: TRUE | F8: FALSE | G8: TRUE | H8: TRUE | J8: =A8 -> Eat in | K8: FALSE | L8: TRUE | M8: TRUE | N8: TRUE | O8: FALSE | P8: TRUE | Q8: FALSE | S8: Meal Prep | T8: TRUE | U8: FALSE
A9: Review Budget/Goals | B9: TRUE | C9: TRUE | D9: TRUE | E9: TRUE | F9: TRUE | G9: TRUE | H9: TRUE | J9: =A9 -> Review Budget/Goals | K9: TRUE | L9: TRUE | M9: TRUE | N9: TRUE | O9: TRUE | P9: TRUE | Q9: TRUE | S9: Website work (~2h) | T9: FALSE | U9: TRUE
A10: (2x)Brush+(1x)Floss | B10: TRUE | C10: TRUE | D10: TRUE | E10: TRUE | F10: TRUE | G10: TRUE | H10: TRUE | J10: =A10 -> (2x)Brush+(1x)Floss | K10: TRUE | L10: TRUE | M10: TRUE | N10: TRUE | O10: TRUE | P10: TRUE | Q10: TRUE | S10: Recycling | T10: TRUE | U10: TRUE
A11: Water (>2.25L) | B11: TRUE | C11: FALSE | D11: TRUE | E11: TRUE | F11: FALSE | G11: TRUE | H11: TRUE | J11: =A11 -> Water (>2.25L) | K11: TRUE | L11: TRUE | M11: TRUE | N11: TRUE | O11: TRUE | P11: TRUE | Q11: TRUE | S11: Trash | T11: TRUE | U11: TRUE
A12: 7 hours sleep | B12: TRUE | C12: TRUE | D12: TRUE | E12: TRUE | F12: FALSE | G12: TRUE | H12: FALSE | J12: =A12 -> 7 hours sleep | K12: TRUE | L12: TRUE | M12: FALSE | N12: TRUE | O12: TRUE | P12: TRUE | Q12: TRUE | S12: Shave/Trim | T12: TRUE | U12: TRUE
A13: Clean (~20 min) | B13: FALSE | C13: FALSE | D13: TRUE | E13: TRUE | F13: FALSE | G13: TRUE | H13: TRUE | J13: =A13 -> Clean (~20 min) | K13: TRUE | L13: TRUE | M13: TRUE | N13: FALSE | O13: FALSE | P13: FALSE | Q13: TRUE | S13: Water Plants | T13: TRUE | U13: TRUE
A14: Read(~30 min) | B14: FALSE | C14: TRUE | D14: TRUE | E14: TRUE | F14: FALSE | G14: FALSE | H14: FALSE | J14: =A14 -> Read(~30 min) | K14: FALSE | L14: TRUE | M14: FALSE | N14: TRUE | O14: FALSE | P14: FALSE | Q14: FALSE | S14: Weekend Exercise | T14: FALSE | U14: FALSE | W14: Monthly Goals
A15: Vitamins | B15: TRUE | C15: TRUE | D15: TRUE | E15: TRUE | F15: TRUE | G15: TRUE | H15: TRUE | J15: =A15 -> Vitamins | K15: TRUE | L15: TRUE | M15: TRUE | N15: TRUE | O15: TRUE | P15: TRUE | Q15: TRUE | S15: Total | T15: =COUNTIF(T5:T14,True)/COUNTA(T5:T14) -> 0.8 | U15: =COUNTIF(U5:U14,True)/COUNTA(U5:U14) -> 0.7 | W15: Wash Sheets | X15: FALSE
A16: Total | B16: =COUNTIF(B5:B15,True)/COUNTA(B5:B15) -> 0.72727273 | C16: =COUNTIF(C5:C15,True)/COUNTA(C5:C15) -> 0.72727273 | D16: =COUNTIF(D5:D15,True)/COUNTA(D5:D15) -> 0.81818182 | E16: =COUNTIF(E5:E15,True)/COUNTA(E5:E15) -> 0.81818182 | F16: =COUNTIF(F5:F15,True)/COUNTA(F5:F15) -> 0.45454545 | G16: =COUNTIF(G5:G15,True)/COUNTA(G5:G15) -> 0.72727273 | H16: =COUNTIF(H5:H15,True)/COUNTA(H5:H15) -> 0.63636364 | J16: Total | K16: =COUNTIF(K5:K15,True)/COUNTA(K5:K15) -> 0.63636364 | L16: =COUNTIF(L5:L15,True)/COUNTA(L5:L15) -> 1 | M16: =COUNTIF(M5:M15,True)/COUNTA(M5:M15) -> 0.81818182 | N16: =COUNTIF(N5:N15,True)/COUNTA(N5:N15) -> 0.90909091 | O16: =COUNTIF(O5:O15,True)/COUNTA(O5:O15) -> 0.54545455 | P16: =COUNTIF(P5:P15,True)/COUNTA(P5:P15) -> 0.63636364 | Q16: =COUNTIF(Q5:Q15,True)/COUNTA(Q5:Q15) -> 0.72727273 | S16: Progress bar | T16: =IFERROR(__xludf.DUMMYFUNCTION("SPARKLINE(T15,{""charttype"",""bar"";""max"",1;""min"",0;""color1"",IF(T15>0.7,""green"",IF(T15>0.5,""yellow"",""red""))})"),"") | U16: =IFERROR(__xludf.DUMMYFUNCTION("SPARKLINE(U15,{""charttype"",""bar"";""max"",1;""min"",0;""color1"",IF(U15>0.7,""green"",IF(U15>0.5,""yellow"",""red""))})"),"") | W16: Savings Deposit | X16: TRUE
A17: Progress bar | B17: =IFERROR(__xludf.DUMMYFUNCTION("SPARKLINE(B16,{""charttype"",""bar"";""max"",1;""min"",0;""color1"",IF(B16>0.7,""green"",IF(B16>0.5,""yellow"",""red""))})"),"") | C17: =IFERROR(__xludf.DUMMYFUNCTION("SPARKLINE(C16,{""charttype"",""bar"";""max"",1;""min"",0;""color1"",IF(C16>0.7,""green"",IF(C16>0.5,""yellow"",""red""))})"),"") | D17: =IFERROR(__xludf.DUMMYFUNCTION("SPARKLINE(D16,{""charttype"",""bar"";""max"",1;""min"",0;""color1"",IF(D16>0.7,""green"",IF(D16>0.5,""yellow"",""red""))})"),"") | E17: =IFERROR(__xludf.DUMMYFUNCTION("SPARKLINE(E16,{""charttype"",""bar"";""max"",1;""min"",0;""color1"",IF(E16>0.7,""green"",IF(E16>0.5,""yellow"",""red""))})"),"") | F17: =IFERROR(__xludf.DUMMYFUNCTION("SPARKLINE(F16,{""charttype"",""bar"";""max"",1;""min"",0;""color1"",IF(F16>0.7,""green"",IF(F16>0.5,""yellow"",""red""))})"),"") | G17: =IFERROR(__xludf.DUMMYFUNCTION("SPARKLINE(G16,{""charttype"",""bar"";""max"",1;""min"",0;""color1"",IF(G16>0.7,""green"",IF(G16>0.5,""yellow"",""red""))})"),"") | H17: =IFERROR(__xludf.DUMMYFUNCTION("SPARKLINE(H16,{""charttype"",""bar"";""max"",1;""min"",0;""color1"",IF(H16>0.7,""green"",IF(H16>0.5,""yellow"",""red""))})"),"") | J17: Progress bar | K17: =IFERROR(__xludf.DUMMYFUNCTION("SPARKLINE(K16,{""charttype"",""bar"";""max"",1;""min"",0;""color1"",IF(K16>0.7,""green"",IF(K16>0.5,""yellow"",""red""))})"),"") | L17: =IFERROR(__xludf.DUMMYFUNCTION("SPARKLINE(L16,{""charttype"",""bar"";""max"",1;""min"",0;""color1"",IF(L16>0.7,""green"",IF(L16>0.5,""yellow"",""red""))})"),"") | M17: =IFERROR(__xludf.DUMMYFUNCTION("SPARKLINE(M16,{""charttype"",""bar"";""max"",1;""min"",0;""color1"",IF(M16>0.7,""green"",IF(M16>0.5,""yellow"",""red""))})"),"") | N17: =IFERROR(__xludf.DUMMYFUNCTION("SPARKLINE(N16,{""charttype"",""bar"";""max"",1;""min"",0;""color1"",IF(N16>0.7,""green"",IF(N16>0.5,""yellow"",""red""))})"),"") | O17: =IFERROR(__xludf.DUMMYFUNCTION("SPARKLINE(O16,{""charttype"",""bar"";""max"",1;""min"",0;""color1"",IF(O16>0.7,""green"",IF(O16>0.5,""yellow"",""red""))})"),"") | P17: =IFERROR(__xludf.DUMMYFUNCTION("SPARKLINE(P16,{""charttype"",""bar"";""max"",1;""min"",0;""color1"",IF(P16>0.7,""green"",IF(P16>0.5,""yellow"",""red""))})"),"") | Q17: =IFERROR(__xludf.DUMMYFUNCTION("SPARKLINE(Q16,{""charttype"",""bar"";""max"",1;""min"",0;""color1"",IF(Q16>0.7,""green"",IF(Q16>0.5,""yellow"",""red""))})"),"") | W17: Loan Payment | X17: TRUE
A18: Progress bar Total | B18: =IFERROR(__xludf.DUMMYFUNCTION("SPARKLINE((SUM(B16:H16)+3*T15)/10,{""charttype"",""bar"";""max"",1;""min"",0;""color1"",IF((SUM(B16:H16)+3*T15)/10>0.7,""green"",IF((SUM(B16:H16)+3*T15)/10>0.5,""yellow"",""red""))})"),"") | J18: Progress bar Total | K18: =IFERROR(__xludf.DUMMYFUNCTION("SPARKLINE((SUM(K16:Q16)+3*U15)/10,{""charttype"",""bar"";""max"",1;""min"",0;""color1"",IF((SUM(K16:Q16)+3*U15)/10>0.7,""green"",IF((SUM(K16:Q16)+3*U15)/10>0.5,""yellow"",""red""))})"),"") | W18: Wash mats | X18: TRUE
W19: Total | X19: =COUNTIF(X15:X18,True)/COUNTA(X15:X18) -> 0.75
A20: Week 3 | B20: =Q3+1 -> 44914 | C20: =B20+1 -> 44915 | D20: =C20+1 -> 44916 | E20: =D20+1 -> 44917 | F20: =E20+1 -> 44918 | G20: =F20+1 -> 44919 | H20: =G20+1 -> 44920 | J20: Week 4 | K20: =H20+1 -> 44921 | L20: =K20+1 -> 44922 | M20: =L20+1 -> 44923 | N20: =M20+1 -> 44924 | O20: =N20+1 -> 44925 | P20: =O20+1 -> 44926 | Q20: =P20+1 -> 44927 | W20: Progress bar | X20: =IFERROR(__xludf.DUMMYFUNCTION("SPARKLINE(X19,{""charttype"",""bar"";""max"",1;""min"",0;""color1"",IF(X19>0.7,""green"",IF(X19>0.5,""yellow"",""red""))})"),"")
A21: Day | B21: =CHOOSE(WEEKDAY(B20,2),"Mon","Tue","Wed","Thu","Fri","Sat","Sun") -> Mon | C21: =CHOOSE(WEEKDAY(C20,2),"Mon","Tue","Wed","Thu","Fri","Sat","Sun") -> Tue | D21: =CHOOSE(WEEKDAY(D20,2),"Mon","Tue","Wed","Thu","Fri","Sat","Sun") -> Wed | E21: =CHOOSE(WEEKDAY(E20,2),"Mon","Tue","Wed","Thu","Fri","Sat","Sun") -> Thu | F21: =CHOOSE(WEEKDAY(F20,2),"Mon","Tue","Wed","Thu","Fri","Sat","Sun") -> Fri | G21: =CHOOSE(WEEKDAY(G20,2),"Mon","Tue","Wed","Thu","Fri","Sat","Sun") -> Sat | H21: =CHOOSE(WEEKDAY(H20,2),"Mon","Tue","Wed","Thu","Fri","Sat","Sun") -> Sun | J21: Day | K21: =CHOOSE(WEEKDAY(K20,2),"Mon","Tue","Wed","Thu","Fri","Sat","Sun") -> Mon | L21: =CHOOSE(WEEKDAY(L20,2),"Mon","Tue","Wed","Thu","Fri","Sat","Sun") -> Tue | M21: =CHOOSE(WEEKDAY(M20,2),"Mon","Tue","Wed","Thu","Fri","Sat","Sun") -> Wed | N21: =CHOOSE(WEEKDAY(N20,2),"Mon","Tue","Wed","Thu","Fri","Sat","Sun") -> Thu | O21: =CHOOSE(WEEKDAY(O20,2),"Mon","Tue","Wed","Thu","Fri","Sat","Sun") -> Fri | P21: =CHOOSE(WEEKDAY(P20,2),"Mon","Tue","Wed","Thu","Fri","Sat","Sun") -> Sat | Q21: =CHOOSE(WEEKDAY(Q20,2),"Mon","Tue","Wed","Thu","Fri","Sat","Sun") -> Sun | S21: Weekly Goals | T21: Week 3 | U21: Week 4
A22: =A5 -> Exercise | B22: TRUE | C22: TRUE | D22: TRUE | E22: FALSE | F22: TRUE | G22: FALSE | H22: FALSE | J22: =A5 -> Exercise | K22: FALSE | L22: TRUE | M22: TRUE | N22: TRUE | O22: TRUE | P22: FALSE | Q22: TRUE | S22: Laundry | T22: FALSE | U22: TRUE
A23: =A6 -> Stretch/Yoga (>20min) | B23: TRUE | C23: FALSE | D23: TRUE | E23: FALSE | F23: TRUE | G23: TRUE | H23: FALSE | J23: =A6 -> Stretch/Yoga (>20min) | K23: FALSE | L23: TRUE | M23: TRUE | N23: TRUE | O23: TRUE | P23: FALSE | Q23: TRUE | S23: Cleaning | T23: TRUE | U23: TRUE
A24: =A7 -> Social Media (<limit) | B24: TRUE | C24: TRUE | D24: TRUE | E24: TRUE | F24: TRUE | G24: TRUE | H24: TRUE | J24: =A7 -> Social Media (<limit) | K24: TRUE | L24: TRUE | M24: TRUE | N24: TRUE | O24: TRUE | P24: TRUE | Q24: TRUE | S24: Grocery Shop | T24: TRUE | U24: TRUE
A25: =A8 -> Eat in | B25: TRUE | C25: FALSE | D25: FALSE | E25: TRUE | F25: TRUE | G25: TRUE | H25: TRUE | J25: =A8 -> Eat in | K25: FALSE | L25: TRUE | M25: TRUE | N25: TRUE | O25: TRUE | P25: TRUE | Q25: TRUE | S25: Meal Prep | T25: TRUE | U25: TRUE
A26: =A9 -> Review Budget/Goals | B26: TRUE | C26: TRUE | D26: TRUE | E26: TRUE | F26: TRUE | G26: TRUE | H26: TRUE | J26: =A9 -> Review Budget/Goals | K26: TRUE | L26: TRUE | M26: TRUE | N26: TRUE | O26: TRUE | P26: TRUE | Q26: TRUE | S26: Website work (~2h) | T26: TRUE | U26: TRUE
A27: =A10 -> (2x)Brush+(1x)Floss | B27: TRUE | C27: TRUE | D27: TRUE | E27: FALSE | F27: TRUE | G27: FALSE | H27: FALSE | J27: =A10 -> (2x)Brush+(1x)Floss | K27: FALSE | L27: TRUE | M27: TRUE | N27: TRUE | O27: TRUE | P27: FALSE | Q27: FALSE | S27: Recycling | T27: TRUE | U27: TRUE
A28: =A11 -> Water (>2.25L) | B28: TRUE | C28: TRUE | D28: TRUE | E28: FALSE | F28: TRUE | G28: TRUE | H28: TRUE | J28: =A11 -> Water (>2.25L) | K28: FALSE | L28: TRUE | M28: TRUE | N28: TRUE | O28: TRUE | P28: TRUE | Q28: TRUE | S28: Trash | T28: TRUE | U28: TRUE
A29: =A12 -> 7 hours sleep | B29: FALSE | C29: TRUE | D29: TRUE | E29: TRUE | F29: TRUE | G29: TRUE | H29: TRUE | J29: =A12 -> 7 hours sleep | K29: TRUE | L29: TRUE | M29: TRUE | N29: TRUE | O29: FALSE | P29: TRUE | Q29: TRUE | S29: Shave/Trim | T29: TRUE | U29: TRUE
A30: =A13 -> Clean (~20 min) | B30: TRUE | C30: TRUE | D30: TRUE | E30: TRUE | F30: TRUE | G30: FALSE | H30: TRUE | J30: =A13 -> Clean (~20 min) | K30: TRUE | L30: TRUE | M30: TRUE | N30: TRUE | O30: TRUE | P30: TRUE | Q30: TRUE | S30: Water Plants | T30: TRUE | U30: TRUE
A31: =A14 -> Read(~30 min) | B31: FALSE | C31: TRUE | D31: FALSE | E31: FALSE | F31: FALSE | G31: FALSE | H31: FALSE | J31: =A14 -> Read(~30 min) | K31: FALSE | L31: FALSE | M31: FALSE | N31: FALSE | O31: TRUE | P31: FALSE | Q31: FALSE | S31: Weekend Exercise | T31: FALSE | U31: TRUE
A32: =A15 -> Vitamins | B32: TRUE | C32: TRUE | D32: TRUE | E32: TRUE | F32: TRUE | G32: TRUE | H32: TRUE | J32: =A15 -> Vitamins | K32: TRUE | L32: TRUE | M32: TRUE | N32: TRUE | O32: TRUE | P32: TRUE | Q32: TRUE | S32: Total | T32: =COUNTIF(T22:T31,True)/COUNTA(T22:T31) -> 0.8 | U32: =COUNTIF(U22:U31,True)/COUNTA(U22:U31) -> 1
A33: Total | B33: =COUNTIF(B22:B32,True)/COUNTA(B22:B32) -> 0.81818182 | C33: =COUNTIF(C22:C32,True)/COUNTA(C22:C32) -> 0.81818182 | D33: =COUNTIF(D22:D32,True)/COUNTA(D22:D32) -> 0.81818182 | E33: =COUNTIF(E22:E32,True)/COUNTA(E22:E32) -> 0.54545455 | F33: =COUNTIF(F22:F32,True)/COUNTA(F22:F32) -> 0.90909091 | G33: =COUNTIF(G22:G32,True)/COUNTA(G22:G32) -> 0.63636364 | H33: =COUNTIF(H22:H32,True)/COUNTA(H22:H32) -> 0.63636364 | J33: Total | K33: =COUNTIF(K22:K32,True)/COUNTA(K22:K32) -> 0.45454545 | L33: =COUNTIF(L22:L32,True)/COUNTA(L22:L32) -> 0.90909091 | M33: =COUNTIF(M22:M32,True)/COUNTA(M22:M32) -> 0.90909091 | N33: =COUNTIF(N22:N32,True)/COUNTA(N22:N32) -> 0.90909091 | O33: =COUNTIF(O22:O32,True)/COUNTA(O22:O32) -> 0.90909091 | P33: =COUNTIF(P22:P32,True)/COUNTA(P22:P32) -> 0.63636364 | Q33: =COUNTIF(Q22:Q32,True)/COUNTA(Q22:Q32) -> 0.81818182 | S33: Progress bar | T33: =IFERROR(__xludf.DUMMYFUNCTION("SPARKLINE(T32,{""charttype"",""bar"";""max"",1;""min"",0;""color1"",IF(T32>0.7,""green"",IF(T32>0.5,""yellow"",""red""))})"),"") | U33: =IFERROR(__xludf.DUMMYFUNCTION("SPARKLINE(U32,{""charttype"",""bar"";""max"",1;""min"",0;""color1"",IF(U32>0.7,""green"",IF(U32>0.5,""yellow"",""red""))})"),"")
A34: Progress bar | B34: =IFERROR(__xludf.DUMMYFUNCTION("SPARKLINE(B33,{""charttype"",""bar"";""max"",1;""min"",0;""color1"",IF(B33>0.7,""green"",IF(B33>0.5,""yellow"",""red""))})"),"") | C34: =IFERROR(__xludf.DUMMYFUNCTION("SPARKLINE(C33,{""charttype"",""bar"";""max"",1;""min"",0;""color1"",IF(C33>0.7,""green"",IF(C33>0.5,""yellow"",""red""))})"),"") | D34: =IFERROR(__xludf.DUMMYFUNCTION("SPARKLINE(D33,{""charttype"",""bar"";""max"",1;""min"",0;""color1"",IF(D33>0.7,""green"",IF(D33>0.5,""yellow"",""red""))})"),"") | E34: =IFERROR(__xludf.DUMMYFUNCTION("SPARKLINE(E33,{""charttype"",""bar"";""max"",1;""min"",0;""color1"",IF(E33>0.7,""green"",IF(E33>0.5,""yellow"",""red""))})"),"") | F34: =IFERROR(__xludf.DUMMYFUNCTION("SPARKLINE(F33,{""charttype"",""bar"";""max"",1;""min"",0;""color1"",IF(F33>0.7,""green"",IF(F33>0.5,""yellow"",""red""))})"),"") | G34: =IFERROR(__xludf.DUMMYFUNCTION("SPARKLINE(G33,{""charttype"",""bar"";""max"",1;""min"",0;""color1"",IF(G33>0.7,""green"",IF(G33>0.5,""yellow"",""red""))})"),"") | H34: =IFERROR(__xludf.DUMMYFUNCTION("SPARKLINE(H33,{""charttype"",""bar"";""max"",1;""min"",0;""color1"",IF(H33>0.7,""green"",IF(H33>0.5,""yellow"",""red""))})"),"") | J34: Progress bar | K34: =IFERROR(__xludf.DUMMYFUNCTION("SPARKLINE(K33,{""charttype"",""bar"";""max"",1;""min"",0;""color1"",IF(K33>0.7,""green"",IF(K33>0.5,""yellow"",""red""))})"),"") | L34: =IFERROR(__xludf.DUMMYFUNCTION("SPARKLINE(L33,{""charttype"",""bar"";""max"",1;""min"",0;""color1"",IF(L33>0.7,""green"",IF(L33>0.5,""yellow"",""red""))})"),"") | M34: =IFERROR(__xludf.DUMMYFUNCTION("SPARKLINE(M33,{""charttype"",""bar"";""max"",1;""min"",0;""color1"",IF(M33>0.7,""green"",IF(M33>0.5,""yellow"",""red""))})"),"") | N34: =IFERROR(__xludf.DUMMYFUNCTION("SPARKLINE(N33,{""charttype"",""bar"";""max"",1;""min"",0;""color1"",IF(N33>0.7,""green"",IF(N33>0.5,""yellow"",""red""))})"),"") | O34: =IFERROR(__xludf.DUMMYFUNCTION("SPARKLINE(O33,{""charttype"",""bar"";""max"",1;""min"",0;""color1"",IF(O33>0.7,""green"",IF(O33>0.5,""yellow"",""red""))})"),"") | P34: =IFERROR(__xludf.DUMMYFUNCTION("SPARKLINE(P33,{""charttype"",""bar"";""max"",1;""min"",0;""color1"",IF(P33>0.7,""green"",IF(P33>0.5,""yellow"",""red""))})"),"") | Q34: =IFERROR(__xludf.DUMMYFUNCTION("SPARKLINE(Q33,{""charttype"",""bar"";""max"",1;""min"",0;""color1"",IF(Q33>0.7,""green"",IF(Q33>0.5,""yellow"",""red""))})"),"")
A35: Progress bar Total | B35: =IFERROR(__xludf.DUMMYFUNCTION("SPARKLINE((SUM(B33:H33)+3*T32)/10,{""charttype"",""bar"";""max"",1;""min"",0;""color1"",IF((SUM(B33:H33)+3*T32)/10>0.7,""green"",IF((SUM(B33:H33)+3*T32)/10>0.5,""yellow"",""red""))})"),"") | J35: Progress bar Total | K35: =IFERROR(__xludf.DUMMYFUNCTION("SPARKLINE((SUM(K33:Q33)+3*U32)/10,{""charttype"",""bar"";""max"",1;""min"",0;""color1"",IF((SUM(K33:Q33)+3*U32)/10>0.7,""green"",IF((SUM(K33:Q33)+3*U32)/10>0.5,""yellow"",""red""))})"),"")

Sheet Jan2023
C1: =IFERROR(__xludf.DUMMYFUNCTION("SPARKLINE((SUM(B16:H16)+3*SUM(T15:U15) + SUM(K16:Q16) + SUM(B33:H33) + SUM(K33:Q33) + 3*SUM(T32:U32)+ 5*SUM(X19))/45,{""charttype"",""bar"";""max"",1;""min"",0;""color1"",IF((SUM(B16:H16)+3*SUM(T15:U15) + SUM(K16:Q16) + SUM(B33:H33) + SUM(K33:Q33) + 3*SUM"&"(T32:U32)+ 5*SUM(X19))/45>0.7,""green"",IF((SUM(B16:H16)+3*SUM(T15:U15) + SUM(K16:Q16) + SUM(B33:H33) + SUM(K33:Q33) + 3*SUM(T32:U32)+ 5*SUM(X19))/45>0.5,""yellow"",""red""))})"),"") | R1: =(SUM(B16:H16)+3*SUM(T15:U15) + SUM(K16:Q16) + SUM(B33:H33) + SUM(K33:Q33) + 3*SUM(T32:U32) + 5*SUM(X19))/45 -> 0.70383838 | S1: Points | T1: {=COUNTIF(B5:H15,TRUE)+COUNTIF(K5:Q15,TRUE)+COUNTIF(B22:H32,TRUE)+COUNTIF(K22:Q32,TRUE)+3*(COUNTIF(T5:U14,TRUE)+COUNTIF(T22:U31,TRUE))+5*(COUNTIF(X15:X18,TRUE))} -> 305 | W1: YTD Points | X1: =T1 -> 305
A2: 44927
A3: Week 1 | B3: =DATE(YEAR(A2),MONTH(A2),1)+MOD(9-WEEKDAY(DATE(YEAR(A2),MONTH(A2),1)),7) -> 44928 | C3: =B3+1 -> 44929 | D3: =C3+1 -> 44930 | E3: =D3+1 -> 44931 | F3: =E3+1 -> 44932 | G3: =F3+1 -> 44933 | H3: =G3+1 -> 44934 | J3: Week 2 | K3: =H3+1 -> 44935 | L3: =K3+1 -> 44936 | M3: =L3+1 -> 44937 | N3: =M3+1 -> 44938 | O3: =N3+1 -> 44939 | P3: =O3+1 -> 44940 | Q3: =P3+1 -> 44941
A4: Day | B4: =CHOOSE(WEEKDAY(B3,2),"Mon","Tue","Wed","Thu","Fri","Sat","Sun") -> Mon | C4: =CHOOSE(WEEKDAY(C3,2),"Mon","Tue","Wed","Thu","Fri","Sat","Sun") -> Tue | D4: =CHOOSE(WEEKDAY(D3,2),"Mon","Tue","Wed","Thu","Fri","Sat","Sun") -> Wed | E4: =CHOOSE(WEEKDAY(E3,2),"Mon","Tue","Wed","Thu","Fri","Sat","Sun") -> Thu | F4: =CHOOSE(WEEKDAY(F3,2),"Mon","Tue","Wed","Thu","Fri","Sat","Sun") -> Fri | G4: =CHOOSE(WEEKDAY(G3,2),"Mon","Tue","Wed","Thu","Fri","Sat","Sun") -> Sat | H4: =CHOOSE(WEEKDAY(H3,2),"Mon","Tue","Wed","Thu","Fri","Sat","Sun") -> Sun | J4: Day | K4: =CHOOSE(WEEKDAY(K3,2),"Mon","Tue","Wed","Thu","Fri","Sat","Sun") -> Mon | L4: =CHOOSE(WEEKDAY(L3,2),"Mon","Tue","Wed","Thu","Fri","Sat","Sun") -> Tue | M4: =CHOOSE(WEEKDAY(M3,2),"Mon","Tue","Wed","Thu","Fri","Sat","Sun") -> Wed | N4: =CHOOSE(WEEKDAY(N3,2),"Mon","Tue","Wed","Thu","Fri","Sat","Sun") -> Thu | O4: =CHOOSE(WEEKDAY(O3,2),"Mon","Tue","Wed","Thu","Fri","Sat","Sun") -> Fri | P4: =CHOOSE(WEEKDAY(P3,2),"Mon","Tue","Wed","Thu","Fri","Sat","Sun") -> Sat | Q4: =CHOOSE(WEEKDAY(Q3,2),"Mon","Tue","Wed","Thu","Fri","Sat","Sun") -> Sun | S4: Weekly Goals | T4: Week 1 | U4: Week 2
A5: Exercise | B5: TRUE | C5: TRUE | D5: TRUE | E5: TRUE | F5: TRUE | G5: FALSE | H5: TRUE | J5: =A5 -> Exercise | K5: TRUE | L5: TRUE | M5: FALSE | N5: FALSE | O5: FALSE | P5: FALSE | Q5: FALSE | S5: Laundry | T5: TRUE | U5: TRUE
A6: Stretch/Yoga (>20min) | B6: FALSE | C6: TRUE | D6: FALSE | E6: TRUE | F6: FALSE | G6: FALSE | H6: FALSE | J6: =A6 -> Stretch/Yoga (>20min) | K6: FALSE | L6: FALSE | M6: TRUE | N6: FALSE | O6: FALSE | P6: FALSE | Q6: FALSE | S6: Cleaning | T6: TRUE | U6: TRUE
A7: Social Media (<limit) | B7: TRUE | C7: TRUE | D7: TRUE | E7: TRUE | F7: TRUE | G7: TRUE | H7: TRUE | J7: =A7 -> Social Media (<limit) | K7: TRUE | L7: TRUE | M7: TRUE | N7: TRUE | O7: TRUE | P7: TRUE | Q7: FALSE | S7: Grocery Shop | T7: TRUE | U7: FALSE
A8: Eat in | B8: TRUE | C8: TRUE | D8: TRUE | E8: TRUE | F8: TRUE | G8: TRUE | H8: TRUE | J8: =A8 -> Eat in | K8: TRUE | L8: TRUE | M8: TRUE | N8: FALSE | O8: FALSE | P8: FALSE | Q8: FALSE | S8: Meal Prep | T8: TRUE | U8: FALSE
A9: Review Budget/Goals | B9: TRUE | C9: TRUE | D9: TRUE | E9: TRUE | F9: TRUE | G9: TRUE | H9: TRUE | J9: =A9 -> Review Budget/Goals | K9: TRUE | L9: TRUE | M9: TRUE | N9: TRUE | O9: TRUE | P9: TRUE | Q9: TRUE | S9: Website work (~2h) | T9: FALSE | U9: FALSE
A10: (2x)Brush+(1x)Floss | B10: TRUE | C10: TRUE | D10: TRUE | E10: TRUE | F10: FALSE | G10: FALSE | H10: TRUE | J10: =A10 -> (2x)Brush+(1x)Floss | K10: TRUE | L10: TRUE | M10: FALSE | N10: FALSE | O10: FALSE | P10: FALSE | Q10: FALSE | S10: Recycling | T10: TRUE | U10: FALSE
A11: Water (~2.25L+) | B11: FALSE | C11: TRUE | D11: TRUE | E11: TRUE | F11: TRUE | G11: TRUE | H11: TRUE | J11: =A11 -> Water (~2.25L+) | K11: TRUE | L11: TRUE | M11: TRUE | N11: FALSE | O11: FALSE | P11: FALSE | Q11: FALSE | S11: Trash | T11: TRUE | U11: FALSE
A12: Sleep (~7 hours+) | B12: TRUE | C12: FALSE | D12: FALSE | E12: FALSE | F12: FALSE | G12: TRUE | H12: FALSE | J12: =A12 -> Sleep (~7 hours+) | K12: FALSE | L12: FALSE | M12: TRUE | N12: TRUE | O12: TRUE | P12: TRUE | Q12: TRUE | S12: Shave/Trim | T12: TRUE | U12: TRUE
A13: Clean (~20 min) | B13: TRUE | C13: TRUE | D13: TRUE | E13: TRUE | F13: FALSE | G13: FALSE | H13: TRUE | J13: =A13 -> Clean (~20 min) | K13: TRUE | L13: FALSE | M13: TRUE | N13: FALSE | O13: FALSE | P13: FALSE | Q13: FALSE | S13: Water Plants | T13: TRUE | U13: FALSE
A14: Read (~20 min) | B14: FALSE | C14: FALSE | D14: FALSE | E14: FALSE | F14: TRUE | G14: FALSE | H14: FALSE | J14: =A14 -> Read (~20 min) | K14: FALSE | L14: FALSE | M14: FALSE | N14: FALSE | O14: FALSE | P14: FALSE | Q14: FALSE | S14: Weekend Exercise | T14: FALSE | U14: FALSE | W14: Monthly Goals
A15: Vitamins | B15: TRUE | C15: TRUE | D15: TRUE | E15: TRUE | F15: TRUE | G15: TRUE | H15: TRUE | J15: =A15 -> Vitamins | K15: TRUE | L15: TRUE | M15: TRUE | N15: FALSE | O15: FALSE | P15: FALSE | Q15: FALSE | S15: Total | T15: =COUNTIF(T5:T14,True)/COUNTA(T5:T14) -> 0.8 | U15: =COUNTIF(U5:U14,True)/COUNTA(U5:U14) -> 0.3 | W15: Wash Sheets | X15: TRUE
A16: Total | B16: =COUNTIF(B5:B15,True)/COUNTA(B5:B15) -> 0.72727273 | C16: =COUNTIF(C5:C15,True)/COUNTA(C5:C15) -> 0.81818182 | D16: =COUNTIF(D5:D15,True)/COUNTA(D5:D15) -> 0.72727273 | E16: =COUNTIF(E5:E15,True)/COUNTA(E5:E15) -> 0.81818182 | F16: =COUNTIF(F5:F15,True)/COUNTA(F5:F15) -> 0.63636364 | G16: =COUNTIF(G5:G15,True)/COUNTA(G5:G15) -> 0.54545455 | H16: =COUNTIF(H5:H15,True)/COUNTA(H5:H15) -> 0.72727273 | J16: Total | K16: =COUNTIF(K5:K15,True)/COUNTA(K5:K15) -> 0.72727273 | L16: =COUNTIF(L5:L15,True)/COUNTA(L5:L15) -> 0.63636364 | M16: =COUNTIF(M5:M15,True)/COUNTA(M5:M15) -> 0.72727273 | N16: =COUNTIF(N5:N15,True)/COUNTA(N5:N15) -> 0.27272727 | O16: =COUNTIF(O5:O15,True)/COUNTA(O5:O15) -> 0.27272727 | P16: =COUNTIF(P5:P15,True)/COUNTA(P5:P15) -> 0.27272727 | Q16: =COUNTIF(Q5:Q15,True)/COUNTA(Q5:Q15) -> 0.18181818 | S16: Progress bar | T16: =IFERROR(__xludf.DUMMYFUNCTION("SPARKLINE(T15,{""charttype"",""bar"";""max"",1;""min"",0;""color1"",IF(T15>0.7,""green"",IF(T15>0.5,""yellow"",""red""))})"),"") | U16: =IFERROR(__xludf.DUMMYFUNCTION("SPARKLINE(U15,{""charttype"",""bar"";""max"",1;""min"",0;""color1"",IF(U15>0.7,""green"",IF(U15>0.5,""yellow"",""red""))})"),"") | W16: Savings Deposit | X16: TRUE
A17: Progress bar | B17: =IFERROR(__xludf.DUMMYFUNCTION("SPARKLINE(B16,{""charttype"",""bar"";""max"",1;""min"",0;""color1"",IF(B16>0.7,""green"",IF(B16>0.5,""yellow"",""red""))})"),"") | C17: =IFERROR(__xludf.DUMMYFUNCTION("SPARKLINE(C16,{""charttype"",""bar"";""max"",1;""min"",0;""color1"",IF(C16>0.7,""green"",IF(C16>0.5,""yellow"",""red""))})"),"") | D17: =IFERROR(__xludf.DUMMYFUNCTION("SPARKLINE(D16,{""charttype"",""bar"";""max"",1;""min"",0;""color1"",IF(D16>0.7,""green"",IF(D16>0.5,""yellow"",""red""))})"),"") | E17: =IFERROR(__xludf.DUMMYFUNCTION("SPARKLINE(E16,{""charttype"",""bar"";""max"",1;""min"",0;""color1"",IF(E16>0.7,""green"",IF(E16>0.5,""yellow"",""red""))})"),"") | F17: =IFERROR(__xludf.DUMMYFUNCTION("SPARKLINE(F16,{""charttype"",""bar"";""max"",1;""min"",0;""color1"",IF(F16>0.7,""green"",IF(F16>0.5,""yellow"",""red""))})"),"") | G17: =IFERROR(__xludf.DUMMYFUNCTION("SPARKLINE(G16,{""charttype"",""bar"";""max"",1;""min"",0;""color1"",IF(G16>0.7,""green"",IF(G16>0.5,""yellow"",""red""))})"),"") | H17: =IFERROR(__xludf.DUMMYFUNCTION("SPARKLINE(H16,{""charttype"",""bar"";""max"",1;""min"",0;""color1"",IF(H16>0.7,""green"",IF(H16>0.5,""yellow"",""red""))})"),"") | J17: Progress bar | K17: =IFERROR(__xludf.DUMMYFUNCTION("SPARKLINE(K16,{""charttype"",""bar"";""max"",1;""min"",0;""color1"",IF(K16>0.7,""green"",IF(K16>0.5,""yellow"",""red""))})"),"") | L17: =IFERROR(__xludf.DUMMYFUNCTION("SPARKLINE(L16,{""charttype"",""bar"";""max"",1;""min"",0;""color1"",IF(L16>0.7,""green"",IF(L16>0.5,""yellow"",""red""))})"),"") | M17: =IFERROR(__xludf.DUMMYFUNCTION("SPARKLINE(M16,{""charttype"",""bar"";""max"",1;""min"",0;""color1"",IF(M16>0.7,""green"",IF(M16>0.5,""yellow"",""red""))})"),"") | N17: =IFERROR(__xludf.DUMMYFUNCTION("SPARKLINE(N16,{""charttype"",""bar"";""max"",1;""min"",0;""color1"",IF(N16>0.7,""green"",IF(N16>0.5,""yellow"",""red""))})"),"") | O17: =IFERROR(__xludf.DUMMYFUNCTION("SPARKLINE(O16,{""charttype"",""bar"";""max"",1;""min"",0;""color1"",IF(O16>0.7,""green"",IF(O16>0.5,""yellow"",""red""))})"),"") | P17: =IFERROR(__xludf.DUMMYFUNCTION("SPARKLINE(P16,{""charttype"",""bar"";""max"",1;""min"",0;""color1"",IF(P16>0.7,""green"",IF(P16>0.5,""yellow"",""red""))})"),"") | Q17: =IFERROR(__xludf.DUMMYFUNCTION("SPARKLINE(Q16,{""charttype"",""bar"";""max"",1;""min"",0;""color1"",IF(Q16>0.7,""green"",IF(Q16>0.5,""yellow"",""red""))})"),"") | W17: Loan Payment | X17: TRUE
A18: Progress bar Total | B18: =IFERROR(__xludf.DUMMYFUNCTION("SPARKLINE((SUM(B16:H16)+3*T15)/10,{""charttype"",""bar"";""max"",1;""min"",0;""color1"",IF((SUM(B16:H16)+3*T15)/10>0.7,""green"",IF((SUM(B16:H16)+3*T15)/10>0.5,""yellow"",""red""))})"),"") | J18: Progress bar Total | K18: =IFERROR(__xludf.DUMMYFUNCTION("SPARKLINE((SUM(K16:Q16)+3*U15)/10,{""charttype"",""bar"";""max"",1;""min"",0;""color1"",IF((SUM(K16:Q16)+3*U15)/10>0.7,""green"",IF((SUM(K16:Q16)+3*U15)/10>0.5,""yellow"",""red""))})"),"") | W18: Wash mats | X18: TRUE
W19: Total | X19: =COUNTIF(X15:X18,True)/COUNTA(X15:X18) -> 1
A20: Week 3 | B20: =Q3+1 -> 44942 | C20: =B20+1 -> 44943 | D20: =C20+1 -> 44944 | E20: =D20+1 -> 44945 | F20: =E20+1 -> 44946 | G20: =F20+1 -> 44947 | H20: =G20+1 -> 44948 | J20: Week 4 | K20: =H20+1 -> 44949 | L20: =K20+1 -> 44950 | M20: =L20+1 -> 44951 | N20: =M20+1 -> 44952 | O20: =N20+1 -> 44953 | P20: =O20+1 -> 44954 | Q20: =P20+1 -> 44955 | W20: Progress bar | X20: =IFERROR(__xludf.DUMMYFUNCTION("SPARKLINE(X19,{""charttype"",""bar"";""max"",1;""min"",0;""color1"",IF(X19>0.7,""green"",IF(X19>0.5,""yellow"",""red""))})"),"")
A21: Day | B21: =CHOOSE(WEEKDAY(B20,2),"Mon","Tue","Wed","Thu","Fri","Sat","Sun") -> Mon | C21: =CHOOSE(WEEKDAY(C20,2),"Mon","Tue","Wed","Thu","Fri","Sat","Sun") -> Tue | D21: =CHOOSE(WEEKDAY(D20,2),"Mon","Tue","Wed","Thu","Fri","Sat","Sun") -> Wed | E21: =CHOOSE(WEEKDAY(E20,2),"Mon","Tue","Wed","Thu","Fri","Sat","Sun") -> Thu | F21: =CHOOSE(WEEKDAY(F20,2),"Mon","Tue","Wed","Thu","Fri","Sat","Sun") -> Fri | G21: =CHOOSE(WEEKDAY(G20,2),"Mon","Tue","Wed","Thu","Fri","Sat","Sun") -> Sat | H21: =CHOOSE(WEEKDAY(H20,2),"Mon","Tue","Wed","Thu","Fri","Sat","Sun") -> Sun | J21: Day | K21: =CHOOSE(WEEKDAY(K20,2),"Mon","Tue","Wed","Thu","Fri","Sat","Sun") -> Mon | L21: =CHOOSE(WEEKDAY(L20,2),"Mon","Tue","Wed","Thu","Fri","Sat","Sun") -> Tue | M21: =CHOOSE(WEEKDAY(M20,2),"Mon","Tue","Wed","Thu","Fri","Sat","Sun") -> Wed | N21: =CHOOSE(WEEKDAY(N20,2),"Mon","Tue","Wed","Thu","Fri","Sat","Sun") -> Thu | O21: =CHOOSE(WEEKDAY(O20,2),"Mon","Tue","Wed","Thu","Fri","Sat","Sun") -> Fri | P21: =CHOOSE(WEEKDAY(P20,2),"Mon","Tue","Wed","Thu","Fri","Sat","Sun") -> Sat | Q21: =CHOOSE(WEEKDAY(Q20,2),"Mon","Tue","Wed","Thu","Fri","Sat","Sun") -> Sun | S21: Weekly Goals | T21: Week 3 | U21: Week 4
A22: =A5 -> Exercise | B22: FALSE | C22: TRUE | D22: FALSE | E22: FALSE | F22: FALSE | G22: FALSE | H22: FALSE | J22: =A5 -> Exercise | K22: FALSE | L22: FALSE | M22: FALSE | N22: TRUE | O22: TRUE | P22: FALSE | Q22: TRUE | S22: Laundry | T22: TRUE | U22: TRUE
A23: =A6 -> Stretch/Yoga (>20min) | B23: FALSE | C23: TRUE | D23: FALSE | E23: TRUE | F23: FALSE | G23: FALSE | H23: FALSE | J23: =A6 -> Stretch/Yoga (>20min) | K23: FALSE | L23: TRUE | M23: FALSE | N23: TRUE | O23: TRUE | P23: FALSE | Q23: TRUE | S23: Cleaning | T23: TRUE | U23: TRUE
A24: =A7 -> Social Media (<limit) | B24: FALSE | C24: FALSE | D24: TRUE | E24: TRUE | F24: TRUE | G24: TRUE | H24: TRUE | J24: =A7 -> Social Media (<limit) | K24: TRUE | L24: TRUE | M24: TRUE | N24: TRUE | O24: TRUE | P24: TRUE | Q24: TRUE | S24: Grocery Shop | T24: TRUE | U24: TRUE
A25: =A8 -> Eat in | B25: FALSE | C25: FALSE | D25: FALSE | E25: TRUE | F25: TRUE | G25: TRUE | H25: TRUE | J25: =A8 -> Eat in | K25: TRUE | L25: TRUE | M25: TRUE | N25: TRUE | O25: TRUE | P25: TRUE | Q25: TRUE | S25: Meal Prep | T25: TRUE | U25: TRUE
A26: =A9 -> Review Budget/Goals | B26: TRUE | C26: TRUE | D26: TRUE | E26: TRUE | F26: TRUE | G26: TRUE | H26: TRUE | J26: =A9 -> Review Budget/Goals | K26: TRUE | L26: TRUE | M26: TRUE | N26: TRUE | O26: TRUE | P26: TRUE | Q26: TRUE | S26: Website work (~2h) | T26: FALSE | U26: FALSE
A27: =A10 -> (2x)Brush+(1x)Floss | B27: FALSE | C27: TRUE | D27: TRUE | E27: TRUE | F27: FALSE | G27: FALSE | H27: TRUE | J27: =A10 -> (2x)Brush+(1x)Floss | K27: TRUE | L27: TRUE | M27: TRUE | N27: TRUE | O27: TRUE | P27: FALSE | Q27: TRUE | S27: Recycling | T27: TRUE | U27: TRUE
A28: =A11 -> Water (~2.25L+) | B28: FALSE | C28: TRUE | D28: FALSE | E28: FALSE | F28: FALSE | G28: TRUE | H28: TRUE | J28: =A11 -> Water (~2.25L+) | K28: TRUE | L28: FALSE | M28: TRUE | N28: TRUE | O28: TRUE | P28: TRUE | Q28: TRUE | S28: Trash | T28: TRUE | U28: TRUE
A29: =A12 -> Sleep (~7 hours+) | B29: TRUE | C29: TRUE | D29: TRUE | E29: TRUE | F29: TRUE | G29: TRUE | H29: TRUE | J29: =A12 -> Sleep (~7 hours+) | K29: TRUE | L29: TRUE | M29: TRUE | N29: TRUE | O29: TRUE | P29: TRUE | Q29: TRUE | S29: Shave/Trim | T29: TRUE | U29: TRUE
A30: =A13 -> Clean (~20 min) | B30: FALSE | C30: TRUE | D30: FALSE | E30: TRUE | F30: TRUE | G30: TRUE | H30: TRUE | J30: =A13 -> Clean (~20 min) | K30: FALSE | L30: FALSE | M30: FALSE | N30: TRUE | O30: TRUE | P30: TRUE | Q30: TRUE | S30: Water Plants | T30: TRUE | U30: TRUE
A31: =A14 -> Read (~20 min) | B31: FALSE | C31: FALSE | D31: TRUE | E31: TRUE | F31: FALSE | G31: FALSE | H31: TRUE | J31: =A14 -> Read (~20 min) | K31: TRUE | L31: TRUE | M31: TRUE | N31: TRUE | O31: TRUE | P31: TRUE | Q31: TRUE | S31: Weekend Exercise | T31: FALSE | U31: TRUE
A32: =A15 -> Vitamins | B32: TRUE | C32: TRUE | D32: FALSE | E32: TRUE | F32: TRUE | G32: TRUE | H32: TRUE | J32: =A15 -> Vitamins | K32: TRUE | L32: TRUE | M32: TRUE | N32: TRUE | O32: TRUE | P32: TRUE | Q32: TRUE | S32: Total | T32: =COUNTIF(T22:T31,True)/COUNTA(T22:T31) -> 0.8 | U32: =COUNTIF(U22:U31,True)/COUNTA(U22:U31) -> 0.9
A33: Total | B33: =COUNTIF(B22:B32,True)/COUNTA(B22:B32) -> 0.27272727 | C33: =COUNTIF(C22:C32,True)/COUNTA(C22:C32) -> 0.72727273 | D33: =COUNTIF(D22:D32,True)/COUNTA(D22:D32) -> 0.45454545 | E33: =COUNTIF(E22:E32,True)/COUNTA(E22:E32) -> 0.81818182 | F33: =COUNTIF(F22:F32,True)/COUNTA(F22:F32) -> 0.54545455 | G33: =COUNTIF(G22:G32,True)/COUNTA(G22:G32) -> 0.63636364 | H33: =COUNTIF(H22:H32,True)/COUNTA(H22:H32) -> 0.81818182 | J33: Total | K33: =COUNTIF(K22:K32,True)/COUNTA(K22:K32) -> 0.72727273 | L33: =COUNTIF(L22:L32,True)/COUNTA(L22:L32) -> 0.72727273 | M33: =COUNTIF(M22:M32,True)/COUNTA(M22:M32) -> 0.72727273 | N33: =COUNTIF(N22:N32,True)/COUNTA(N22:N32) -> 1 | O33: =COUNTIF(O22:O32,True)/COUNTA(O22:O32) -> 1 | P33: =COUNTIF(P22:P32,True)/COUNTA(P22:P32) -> 0.72727273 | Q33: =COUNTIF(Q22:Q32,True)/COUNTA(Q22:Q32) -> 1 | S33: Progress bar | T33: =IFERROR(__xludf.DUMMYFUNCTION("SPARKLINE(T32,{""charttype"",""bar"";""max"",1;""min"",0;""color1"",IF(T32>0.7,""green"",IF(T32>0.5,""yellow"",""red""))})"),"") | U33: =IFERROR(__xludf.DUMMYFUNCTION("SPARKLINE(U32,{""charttype"",""bar"";""max"",1;""min"",0;""color1"",IF(U32>0.7,""green"",IF(U32>0.5,""yellow"",""red""))})"),"")
A34: Progress bar | B34: =IFERROR(__xludf.DUMMYFUNCTION("SPARKLINE(B33,{""charttype"",""bar"";""max"",1;""min"",0;""color1"",IF(B33>0.7,""green"",IF(B33>0.5,""yellow"",""red""))})"),"") | C34: =IFERROR(__xludf.DUMMYFUNCTION("SPARKLINE(C33,{""charttype"",""bar"";""max"",1;""min"",0;""color1"",IF(C33>0.7,""green"",IF(C33>0.5,""yellow"",""red""))})"),"") | D34: =IFERROR(__xludf.DUMMYFUNCTION("SPARKLINE(D33,{""charttype"",""bar"";""max"",1;""min"",0;""color1"",IF(D33>0.7,""green"",IF(D33>0.5,""yellow"",""red""))})"),"") | E34: =IFERROR(__xludf.DUMMYFUNCTION("SPARKLINE(E33,{""charttype"",""bar"";""max"",1;""min"",0;""color1"",IF(E33>0.7,""green"",IF(E33>0.5,""yellow"",""red""))})"),"") | F34: =IFERROR(__xludf.DUMMYFUNCTION("SPARKLINE(F33,{""charttype"",""bar"";""max"",1;""min"",0;""color1"",IF(F33>0.7,""green"",IF(F33>0.5,""yellow"",""red""))})"),"") | G34: =IFERROR(__xludf.DUMMYFUNCTION("SPARKLINE(G33,{""charttype"",""bar"";""max"",1;""min"",0;""color1"",IF(G33>0.7,""green"",IF(G33>0.5,""yellow"",""red""))})"),"") | H34: =IFERROR(__xludf.DUMMYFUNCTION("SPARKLINE(H33,{""charttype"",""bar"";""max"",1;""min"",0;""color1"",IF(H33>0.7,""green"",IF(H33>0.5,""yellow"",""red""))})"),"") | J34: Progress bar | K34: =IFERROR(__xludf.DUMMYFUNCTION("SPARKLINE(K33,{""charttype"",""bar"";""max"",1;""min"",0;""color1"",IF(K33>0.7,""green"",IF(K33>0.5,""yellow"",""red""))})"),"") | L34: =IFERROR(__xludf.DUMMYFUNCTION("SPARKLINE(L33,{""charttype"",""bar"";""max"",1;""min"",0;""color1"",IF(L33>0.7,""green"",IF(L33>0.5,""yellow"",""red""))})"),"") | M34: =IFERROR(__xludf.DUMMYFUNCTION("SPARKLINE(M33,{""charttype"",""bar"";""max"",1;""min"",0;""color1"",IF(M33>0.7,""green"",IF(M33>0.5,""yellow"",""red""))})"),"") | N34: =IFERROR(__xludf.DUMMYFUNCTION("SPARKLINE(N33,{""charttype"",""bar"";""max"",1;""min"",0;""color1"",IF(N33>0.7,""green"",IF(N33>0.5,""yellow"",""red""))})"),"") | O34: =IFERROR(__xludf.DUMMYFUNCTION("SPARKLINE(O33,{""charttype"",""bar"";""max"",1;""min"",0;""color1"",IF(O33>0.7,""green"",IF(O33>0.5,""yellow"",""red""))})"),"") | P34: =IFERROR(__xludf.DUMMYFUNCTION("SPARKLINE(P33,{""charttype"",""bar"";""max"",1;""min"",0;""color1"",IF(P33>0.7,""green"",IF(P33>0.5,""yellow"",""red""))})"),"") | Q34: =IFERROR(__xludf.DUMMYFUNCTION("SPARKLINE(Q33,{""charttype"",""bar"";""max"",1;""min"",0;""color1"",IF(Q33>0.7,""green"",IF(Q33>0.5,""yellow"",""red""))})"),"")
A35: Progress bar Total | B35: =IFERROR(__xludf.DUMMYFUNCTION("SPARKLINE((SUM(B33:H33)+3*T32)/10,{""charttype"",""bar"";""max"",1;""min"",0;""color1"",IF((SUM(B33:H33)+3*T32)/10>0.7,""green"",IF((SUM(B33:H33)+3*T32)/10>0.5,""yellow"",""red""))})"),"") | J35: Progress bar Total | K35: =IFERROR(__xludf.DUMMYFUNCTION("SPARKLINE((SUM(K33:Q33)+3*U32)/10,{""charttype"",""bar"";""max"",1;""min"",0;""color1"",IF((SUM(K33:Q33)+3*U32)/10>0.7,""green"",IF((SUM(K33:Q33)+3*U32)/10>0.5,""yellow"",""red""))})"),"")

Sheet Feb2023
D2: =IFERROR(__xludf.DUMMYFUNCTION("SPARKLINE((SUM(C19:I19)+3*SUM(U19:V19) + SUM(L19:R19) + SUM(C37:I37) + SUM(L37:R37) + 3*SUM(U34:V34)+ 5*SUM(Y22))/45,{""charttype"",""bar"";""max"",1;""min"",0;""color1"",IF((SUM(C19:I19)+3*SUM(U19:V19) + SUM(L19:R19) + SUM(C37:I37) + SUM(L37:R37) + 3*SUM"&"(U34:V34)+ 5*SUM(Y22))/45>0.7,""green"",IF((SUM(C19:I19)+3*SUM(U19:V19) + SUM(L19:R19) + SUM(C37:I37) + SUM(L37:R37) + 3*SUM(U34:V34)+ 5*SUM(Y22))/45>0.5,""yellow"",""red""))})"),"")
B3: 44958
B5: Week 1 | C5: ='Jan2023'!Q20+1 -> 44956 | D5: =C5+1 -> 44957 | E5: =D5+1 -> 44958 | F5: =E5+1 -> 44959 | G5: =F5+1 -> 44960 | H5: =G5+1 -> 44961 | I5: =H5+1 -> 44962 | K5: Week 2 | L5: =I5+1 -> 44963 | M5: =L5+1 -> 44964 | N5: =M5+1 -> 44965 | O5: =N5+1 -> 44966 | P5: =O5+1 -> 44967 | Q5: =P5+1 -> 44968 | R5: =Q5+1 -> 44969
B6: Day | C6: =CHOOSE(WEEKDAY(C5,2),"Mon","Tue","Wed","Thu","Fri","Sat","Sun") -> Mon | D6: =CHOOSE(WEEKDAY(D5,2),"Mon","Tue","Wed","Thu","Fri","Sat","Sun") -> Tue | E6: =CHOOSE(WEEKDAY(E5,2),"Mon","Tue","Wed","Thu","Fri","Sat","Sun") -> Wed | F6: =CHOOSE(WEEKDAY(F5,2),"Mon","Tue","Wed","Thu","Fri","Sat","Sun") -> Thu | G6: =CHOOSE(WEEKDAY(G5,2),"Mon","Tue","Wed","Thu","Fri","Sat","Sun") -> Fri | H6: =CHOOSE(WEEKDAY(H5,2),"Mon","Tue","Wed","Thu","Fri","Sat","Sun") -> Sat | I6: =CHOOSE(WEEKDAY(I5,2),"Mon","Tue","Wed","Thu","Fri","Sat","Sun") -> Sun | K6: Day | L6: =CHOOSE(WEEKDAY(L5,2),"Mon","Tue","Wed","Thu","Fri","Sat","Sun") -> Mon | M6: =CHOOSE(WEEKDAY(M5,2),"Mon","Tue","Wed","Thu","Fri","Sat","Sun") -> Tue | N6: =CHOOSE(WEEKDAY(N5,2),"Mon","Tue","Wed","Thu","Fri","Sat","Sun") -> Wed | O6: =CHOOSE(WEEKDAY(O5,2),"Mon","Tue","Wed","Thu","Fri","Sat","Sun") -> Thu | P6: =CHOOSE(WEEKDAY(P5,2),"Mon","Tue","Wed","Thu","Fri","Sat","Sun") -> Fri | Q6: =CHOOSE(WEEKDAY(Q5,2),"Mon","Tue","Wed","Thu","Fri","Sat","Sun") -> Sat | R6: =CHOOSE(WEEKDAY(R5,2),"Mon","Tue","Wed","Thu","Fri","Sat","Sun") -> Sun
B7: Exercise | C7: TRUE | D7: TRUE | E7: TRUE | F7: TRUE | G7: FALSE | H7: FALSE | I7: FALSE | K7: =B7 -> Exercise | L7: FALSE | M7: FALSE | N7: FALSE | O7: FALSE | P7: FALSE | Q7: FALSE | R7: FALSE | X7: =(SUM(C19:I19)+3*SUM(U19:V19) + SUM(L19:R19) + SUM(C37:I37) + SUM(L37:R37) + 3*SUM(U34:V34) + 5*SUM(Y22))/45 -> 0.69074074
B8: Stretch/Yoga (>20min) | C8: TRUE | D8: FALSE | E8: TRUE | F8: FALSE | G8: FALSE | H8: FALSE | I8: FALSE | K8: =B8 -> Stretch/Yoga (>20min) | L8: FALSE | M8: FALSE | N8: FALSE | O8: FALSE | P8: FALSE | Q8: FALSE | R8: FALSE | T8: Weekly Goals | U8: Week 1 | V8: Week 2 | X8: {=COUNTIF(C7:I18,TRUE)+COUNTIF(L7:R18,TRUE)+COUNTIF(C25:I36,TRUE)+COUNTIF(L25:R36,TRUE)+3*(COUNTIF(U9:V18,TRUE)+COUNTIF(U24:V33,TRUE))+5*(COUNTIF(Y17:Y21,TRUE))} -> 327
B9: Social Media (<limit) | C9: TRUE | D9: TRUE | E9: TRUE | F9: TRUE | G9: TRUE | H9: TRUE | I9: TRUE | K9: =B9 -> Social Media (<limit) | L9: TRUE | M9: TRUE | N9: TRUE | O9: TRUE | P9: TRUE | Q9: TRUE | R9: TRUE | T9: Laundry | U9: TRUE | V9: TRUE | X9: =X8 + 'Jan2023'!X1 -> 632
B10: Eat in | C10: TRUE | D10: TRUE | E10: TRUE | F10: TRUE | G10: TRUE | H10: TRUE | I10: TRUE | K10: =B10 -> Eat in | L10: TRUE | M10: TRUE | N10: TRUE | O10: TRUE | P10: FALSE | Q10: TRUE | R10: TRUE | T10: Cleaning | U10: TRUE | V10: TRUE
B11: Review Budget/Goals | C11: TRUE | D11: TRUE | E11: TRUE | F11: TRUE | G11: TRUE | H11: FALSE | I11: TRUE | K11: =B11 -> Review Budget/Goals | L11: TRUE | M11: TRUE | N11: TRUE | O11: TRUE | P11: TRUE | Q11: TRUE | R11: TRUE | T11: Grocery Shop | U11: TRUE | V11: TRUE
B12: (2x)Brush+(1x)Floss | C12: TRUE | D12: TRUE | E12: TRUE | F12: TRUE | G12: FALSE | H12: FALSE | I12: FALSE | K12: =B12 -> (2x)Brush+(1x)Floss | L12: FALSE | M12: TRUE | N12: FALSE | O12: FALSE | P12: FALSE | Q12: FALSE | R12: TRUE | T12: Meal Prep | U12: FALSE | V12: TRUE
B13: Water (2.25L+) | C13: TRUE | D13: FALSE | E13: TRUE | F13: TRUE | G13: FALSE | H13: FALSE | I13: FALSE | K13: =B13 -> Water (2.25L+) | L13: FALSE | M13: FALSE | N13: FALSE | O13: FALSE | P13: FALSE | Q13: TRUE | R13: TRUE | T13: Website work (~2h) | U13: FALSE | V13: TRUE
B14: 7 hours sleep | C14: FALSE | D14: FALSE | E14: TRUE | F14: TRUE | G14: FALSE | H14: FALSE | I14: FALSE | K14: =B14 -> 7 hours sleep | L14: TRUE | M14: TRUE | N14: TRUE | O14: TRUE | P14: TRUE | Q14: TRUE | R14: FALSE | T14: Recycling | U14: TRUE | V14: TRUE
B15: Clean (~20 min) | C15: TRUE | D15: FALSE | E15: TRUE | F15: FALSE | G15: FALSE | H15: FALSE | I15: TRUE | K15: =B15 -> Clean (~20 min) | L15: TRUE | M15: TRUE | N15: TRUE | O15: FALSE | P15: TRUE | Q15: TRUE | R15: TRUE | T15: Trash | U15: FALSE | V15: TRUE
B16: Read (~20 min) | C16: TRUE | D16: TRUE | E16: TRUE | F16: TRUE | G16: FALSE | H16: FALSE | I16: FALSE | K16: =B16 -> Read (~20 min) | L16: TRUE | M16: TRUE | N16: TRUE | O16: TRUE | P16: TRUE | Q16: FALSE | R16: FALSE | T16: Shave/Trim | U16: TRUE | V16: TRUE | X16: Monthly Goals
B17: Vitamins | C17: TRUE | D17: TRUE | E17: TRUE | F17: TRUE | G17: FALSE | H17: FALSE | I17: FALSE | K17: =B17 -> Vitamins | L17: FALSE | M17: TRUE | N17: FALSE | O17: FALSE | P17: FALSE | Q17: TRUE | R17: TRUE | T17: Water Plants | U17: FALSE | V17: TRUE | X17: Wash Sheets | Y17: TRUE
B18: Duolingo | C18: TRUE | D18: TRUE | E18: TRUE | F18: TRUE | G18: FALSE | H18: FALSE | I18: FALSE | K18: =B18 -> Duolingo | L18: TRUE | M18: TRUE | N18: TRUE | O18: TRUE | P18: TRUE | Q18: TRUE | R18: TRUE | T18: Weekend Exercise | U18: FALSE | V18: FALSE | X18: Haircut | Y18: TRUE
B19: Total | C19: =COUNTIF(C7:C18,True)/COUNTA(C7:C18) -> 0.91666667 | D19: =COUNTIF(D7:D18,True)/COUNTA(D7:D18) -> 0.66666667 | E19: =COUNTIF(E7:E18,True)/COUNTA(E7:E18) -> 1 | F19: =COUNTIF(F7:F18,True)/COUNTA(F7:F18) -> 0.83333333 | G19: =COUNTIF(G7:G18,True)/COUNTA(G7:G18) -> 0.25 | H19: =COUNTIF(H7:H18,True)/COUNTA(H7:H18) -> 0.16666667 | I19: =COUNTIF(I7:I18,True)/COUNTA(I7:I18) -> 0.33333333 | K19: Total | L19: =COUNTIF(L7:L18,True)/COUNTA(L7:L18) -> 0.58333333 | M19: =COUNTIF(M7:M18,True)/COUNTA(M7:M18) -> 0.75 | N19: =COUNTIF(N7:N18,True)/COUNTA(N7:N18) -> 0.58333333 | O19: =COUNTIF(O7:O18,True)/COUNTA(O7:O18) -> 0.5 | P19: =COUNTIF(P7:P18,True)/COUNTA(P7:P18) -> 0.5 | Q19: =COUNTIF(Q7:Q18,True)/COUNTA(Q7:Q18) -> 0.66666667 | R19: =COUNTIF(R7:R18,True)/COUNTA(R7:R18) -> 0.66666667 | T19: Total | U19: =COUNTIF(U9:U18,True)/COUNTA(U9:U18) -> 0.5 | V19: =COUNTIF(V9:V18,True)/COUNTA(V9:V18) -> 0.9 | X19: Savings Deposit | Y19: TRUE
B20: Progress bar | C20: =IFERROR(__xludf.DUMMYFUNCTION("SPARKLINE(C19,{""charttype"",""bar"";""max"",1;""min"",0;""color1"",IF(C19>0.7,""green"",IF(C19>0.5,""yellow"",""red""))})"),"") | D20: =IFERROR(__xludf.DUMMYFUNCTION("SPARKLINE(D19,{""charttype"",""bar"";""max"",1;""min"",0;""color1"",IF(D19>0.7,""green"",IF(D19>0.5,""yellow"",""red""))})"),"") | E20: =IFERROR(__xludf.DUMMYFUNCTION("SPARKLINE(E19,{""charttype"",""bar"";""max"",1;""min"",0;""color1"",IF(E19>0.7,""green"",IF(E19>0.5,""yellow"",""red""))})"),"") | F20: =IFERROR(__xludf.DUMMYFUNCTION("SPARKLINE(F19,{""charttype"",""bar"";""max"",1;""min"",0;""color1"",IF(F19>0.7,""green"",IF(F19>0.5,""yellow"",""red""))})"),"") | G20: =IFERROR(__xludf.DUMMYFUNCTION("SPARKLINE(G19,{""charttype"",""bar"";""max"",1;""min"",0;""color1"",IF(G19>0.7,""green"",IF(G19>0.5,""yellow"",""red""))})"),"") | H20: =IFERROR(__xludf.DUMMYFUNCTION("SPARKLINE(H19,{""charttype"",""bar"";""max"",1;""min"",0;""color1"",IF(H19>0.7,""green"",IF(H19>0.5,""yellow"",""red""))})"),"") | I20: =IFERROR(__xludf.DUMMYFUNCTION("SPARKLINE(I19,{""charttype"",""bar"";""max"",1;""min"",0;""color1"",IF(I19>0.7,""green"",IF(I19>0.5,""yellow"",""red""))})"),"") | K20: Progress bar | L20: =IFERROR(__xludf.DUMMYFUNCTION("SPARKLINE(L19,{""charttype"",""bar"";""max"",1;""min"",0;""color1"",IF(L19>0.7,""green"",IF(L19>0.5,""yellow"",""red""))})"),"") | M20: =IFERROR(__xludf.DUMMYFUNCTION("SPARKLINE(M19,{""charttype"",""bar"";""max"",1;""min"",0;""color1"",IF(M19>0.7,""green"",IF(M19>0.5,""yellow"",""red""))})"),"") | N20: =IFERROR(__xludf.DUMMYFUNCTION("SPARKLINE(N19,{""charttype"",""bar"";""max"",1;""min"",0;""color1"",IF(N19>0.7,""green"",IF(N19>0.5,""yellow"",""red""))})"),"") | O20: =IFERROR(__xludf.DUMMYFUNCTION("SPARKLINE(O19,{""charttype"",""bar"";""max"",1;""min"",0;""color1"",IF(O19>0.7,""green"",IF(O19>0.5,""yellow"",""red""))})"),"") | P20: =IFERROR(__xludf.DUMMYFUNCTION("SPARKLINE(P19,{""charttype"",""bar"";""max"",1;""min"",0;""color1"",IF(P19>0.7,""green"",IF(P19>0.5,""yellow"",""red""))})"),"") | Q20: =IFERROR(__xludf.DUMMYFUNCTION("SPARKLINE(Q19,{""charttype"",""bar"";""max"",1;""min"",0;""color1"",IF(Q19>0.7,""green"",IF(Q19>0.5,""yellow"",""red""))})"),"") | R20: =IFERROR(__xludf.DUMMYFUNCTION("SPARKLINE(R19,{""charttype"",""bar"";""max"",1;""min"",0;""color1"",IF(R19>0.7,""green"",IF(R19>0.5,""yellow"",""red""))})"),"") | U20: =IFERROR(__xludf.DUMMYFUNCTION("SPARKLINE(U19,{""charttype"",""bar"";""max"",1;""min"",0;""color1"",IF(U19>0.7,""green"",IF(U19>0.5,""yellow"",""red""))})"),"") | V20: =IFERROR(__xludf.DUMMYFUNCTION("SPARKLINE(V19,{""charttype"",""bar"";""max"",1;""min"",0;""color1"",IF(V19>0.7,""green"",IF(V19>0.5,""yellow"",""red""))})"),"") | X20: Loan Payment | Y20: FALSE
B21: Weekly progress bar | C21: =IFERROR(__xludf.DUMMYFUNCTION("SPARKLINE((SUM(C19:I19)+3*U19)/10,{""charttype"",""bar"";""max"",1;""min"",0;""color1"",IF((SUM(C19:I19)+3*U19)/10>0.7,""green"",IF((SUM(C19:I19)+3*U19)/10>0.5,""yellow"",""red""))})"),"") | K21: Weekly progress bar | L21: =IFERROR(__xludf.DUMMYFUNCTION("SPARKLINE((SUM(L19:R19)+3*V19)/10,{""charttype"",""bar"";""max"",1;""min"",0;""color1"",IF((SUM(L19:R19)+3*V19)/10>0.7,""green"",IF((SUM(L19:R19)+3*V19)/10>0.5,""yellow"",""red""))})"),"") | T21: Progress bar | U21: =IFERROR(__xludf.DUMMYFUNCTION("SPARKLINE((U19+V19)/2,{""charttype"",""bar"";""max"",1;""min"",0;""color1"",IF((U19+V19)/2>0.7,""green"",IF((U19+V19)/2>0.5,""yellow"",""red""))})"),"") | X21: Wash mats | Y21: TRUE
X22: Total | Y22: =COUNTIF(Y17:Y21,True)/COUNTA(Y17:Y21) -> 0.8
B23: Week 3 | C23: =R5+1 -> 44970 | D23: =C23+1 -> 44971 | E23: =D23+1 -> 44972 | F23: =E23+1 -> 44973 | G23: =F23+1 -> 44974 | H23: =G23+1 -> 44975 | I23: =H23+1 -> 44976 | K23: Week 4 | L23: =I23+1 -> 44977 | M23: =L23+1 -> 44978 | N23: =M23+1 -> 44979 | O23: =N23+1 -> 44980 | P23: =O23+1 -> 44981 | Q23: =P23+1 -> 44982 | R23: =Q23+1 -> 44983 | T23: Weekly Goals | U23: Week 3 | V23: Week 4 | X23: Progress bar | Y23: =IFERROR(__xludf.DUMMYFUNCTION("SPARKLINE(Y22,{""charttype"",""bar"";""max"",1;""min"",0;""color1"",IF(Y22>0.7,""green"",IF(Y22>0.5,""yellow"",""red""))})"),"")
B24: Day | C24: =CHOOSE(WEEKDAY(C23,2),"Mon","Tue","Wed","Thu","Fri","Sat","Sun") -> Mon | D24: =CHOOSE(WEEKDAY(D23,2),"Mon","Tue","Wed","Thu","Fri","Sat","Sun") -> Tue | E24: =CHOOSE(WEEKDAY(E23,2),"Mon","Tue","Wed","Thu","Fri","Sat","Sun") -> Wed | F24: =CHOOSE(WEEKDAY(F23,2),"Mon","Tue","Wed","Thu","Fri","Sat","Sun") -> Thu | G24: =CHOOSE(WEEKDAY(G23,2),"Mon","Tue","Wed","Thu","Fri","Sat","Sun") -> Fri | H24: =CHOOSE(WEEKDAY(H23,2),"Mon","Tue","Wed","Thu","Fri","Sat","Sun") -> Sat | I24: =CHOOSE(WEEKDAY(I23,2),"Mon","Tue","Wed","Thu","Fri","Sat","Sun") -> Sun | K24: Day | L24: =CHOOSE(WEEKDAY(L23,2),"Mon","Tue","Wed","Thu","Fri","Sat","Sun") -> Mon | M24: =CHOOSE(WEEKDAY(M23,2),"Mon","Tue","Wed","Thu","Fri","Sat","Sun") -> Tue | N24: =CHOOSE(WEEKDAY(N23,2),"Mon","Tue","Wed","Thu","Fri","Sat","Sun") -> Wed | O24: =CHOOSE(WEEKDAY(O23,2),"Mon","Tue","Wed","Thu","Fri","Sat","Sun") -> Thu | P24: =CHOOSE(WEEKDAY(P23,2),"Mon","Tue","Wed","Thu","Fri","Sat","Sun") -> Fri | Q24: =CHOOSE(WEEKDAY(Q23,2),"Mon","Tue","Wed","Thu","Fri","Sat","Sun") -> Sat | R24: =CHOOSE(WEEKDAY(R23,2),"Mon","Tue","Wed","Thu","Fri","Sat","Sun") -> Sun | T24: Laundry | U24: TRUE | V24: TRUE
B25: =B7 -> Exercise | C25: TRUE | D25: TRUE | E25: TRUE | F25: TRUE | G25: TRUE | H25: FALSE | I25: FALSE | K25: =B7 -> Exercise | L25: TRUE | M25: TRUE | N25: TRUE | O25: FALSE | P25: TRUE | Q25: FALSE | R25: FALSE | T25: Cleaning | U25: TRUE | V25: TRUE
B26: =B8 -> Stretch/Yoga (>20min) | C26: FALSE | D26: FALSE | E26: FALSE | F26: TRUE | G26: FALSE | H26: FALSE | I26: FALSE | K26: =B8 -> Stretch/Yoga (>20min) | L26: TRUE | M26: FALSE | N26: FALSE | O26: FALSE | P26: FALSE | Q26: FALSE | R26: FALSE | T26: Grocery Shop | U26: TRUE | V26: TRUE
B27: =B9 -> Social Media (<limit) | C27: TRUE | D27: TRUE | E27: FALSE | F27: TRUE | G27: TRUE | H27: TRUE | I27: TRUE | K27: =B9 -> Social Media (<limit) | L27: TRUE | M27: TRUE | N27: TRUE | O27: TRUE | P27: TRUE | Q27: TRUE | R27: TRUE | T27: Meal Prep | U27: TRUE | V27: TRUE
B28: =B10 -> Eat in | C28: TRUE | D28: TRUE | E28: TRUE | F28: FALSE | G28: TRUE | H28: TRUE | I28: TRUE | K28: =B10 -> Eat in | L28: TRUE | M28: TRUE | N28: TRUE | O28: FALSE | P28: TRUE | Q28: TRUE | R28: TRUE | T28: Website work (~2h) | U28: FALSE | V28: FALSE
B29: =B11 -> Review Budget/Goals | C29: TRUE | D29: TRUE | E29: TRUE | F29: TRUE | G29: TRUE | H29: TRUE | I29: TRUE | K29: =B11 -> Review Budget/Goals | L29: TRUE | M29: TRUE | N29: TRUE | O29: TRUE | P29: TRUE | Q29: TRUE | R29: TRUE | T29: Recycling | U29: TRUE | V29: TRUE
B30: =B12 -> (2x)Brush+(1x)Floss | C30: FALSE | D30: TRUE | E30: FALSE | F30: TRUE | G30: FALSE | H30: FALSE | I30: TRUE | K30: =B12 -> (2x)Brush+(1x)Floss | L30: TRUE | M30: TRUE | N30: FALSE | O30: TRUE | P30: FALSE | Q30: FALSE | R30: TRUE | T30: Trash | U30: TRUE | V30: TRUE
B31: =B13 -> Water (2.25L+) | C31: TRUE | D31: TRUE | E31: TRUE | F31: TRUE | G31: TRUE | H31: TRUE | I31: TRUE | K31: =B13 -> Water (2.25L+) | L31: TRUE | M31: TRUE | N31: TRUE | O31: TRUE | P31: TRUE | Q31: TRUE | R31: TRUE | T31: Shave/Trim | U31: TRUE | V31: TRUE
B32: =B14 -> 7 hours sleep | C32: TRUE | D32: TRUE | E32: TRUE | F32: FALSE | G32: FALSE | H32: TRUE | I32: FALSE | K32: =B14 -> 7 hours sleep | L32: TRUE | M32: TRUE | N32: FALSE | O32: FALSE | P32: TRUE | Q32: TRUE | R32: TRUE | T32: Water Plants | U32: TRUE | V32: TRUE
B33: =B15 -> Clean (~20 min) | C33: TRUE | D33: FALSE | E33: FALSE | F33: FALSE | G33: TRUE | H33: TRUE | I33: TRUE | K33: =B15 -> Clean (~20 min) | L33: TRUE | M33: TRUE | N33: FALSE | O33: FALSE | P33: TRUE | Q33: FALSE | R33: TRUE | T33: Weekend Exercise | U33: FALSE | V33: FALSE
B34: =B16 -> Read (~20 min) | C34: TRUE | D34: FALSE | E34: TRUE | F34: TRUE | G34: FALSE | H34: FALSE | I34: FALSE | K34: =B16 -> Read (~20 min) | L34: FALSE | M34: TRUE | N34: TRUE | O34: TRUE | P34: FALSE | Q34: FALSE | R34: FALSE | T34: Total | U34: =COUNTIF(U24:U33,True)/COUNTA(U24:U33) -> 0.8 | V34: =COUNTIF(V24:V33,True)/COUNTA(V24:V33) -> 0.8
B35: =B17 -> Vitamins | C35: TRUE | D35: TRUE | E35: TRUE | F35: TRUE | G35: TRUE | H35: TRUE | I35: TRUE | K35: =B17 -> Vitamins | L35: TRUE | M35: TRUE | N35: FALSE | O35: TRUE | P35: FALSE | Q35: FALSE | R35: TRUE | U35: =IFERROR(__xludf.DUMMYFUNCTION("SPARKLINE(U34,{""charttype"",""bar"";""max"",1;""min"",0;""color1"",IF(U34>0.7,""green"",IF(U34>0.5,""yellow"",""red""))})"),"") | V35: =IFERROR(__xludf.DUMMYFUNCTION("SPARKLINE(V34,{""charttype"",""bar"";""max"",1;""min"",0;""color1"",IF(V34>0.7,""green"",IF(V34>0.5,""yellow"",""red""))})"),"")
B36: =B18 -> Duolingo | C36: TRUE | D36: TRUE | E36: FALSE | F36: TRUE | G36: TRUE | H36: FALSE | I36: TRUE | K36: =B36 -> Duolingo | L36: TRUE | M36: TRUE | N36: FALSE | O36: TRUE | P36: TRUE | Q36: TRUE | R36: TRUE | T36: Progress bar | U36: =IFERROR(__xludf.DUMMYFUNCTION("SPARKLINE((U34+V34)/2,{""charttype"",""bar"";""max"",1;""min"",0;""color1"",IF((U34+V34)/2>0.7,""green"",IF((U34+V34)/2>0.5,""yellow"",""red""))})"),"")
B37: Total | C37: =COUNTIF(C25:C36,True)/COUNTA(C25:C36) -> 0.83333333 | D37: =COUNTIF(D25:D36,True)/COUNTA(D25:D36) -> 0.75 | E37: =COUNTIF(E25:E36,True)/COUNTA(E25:E36) -> 0.58333333 | F37: =COUNTIF(F25:F36,True)/COUNTA(F25:F36) -> 0.75 | G37: =COUNTIF(G25:G36,True)/COUNTA(G25:G36) -> 0.66666667 | H37: =COUNTIF(H25:H36,True)/COUNTA(H25:H36) -> 0.58333333 | I37: =COUNTIF(I25:I36,True)/COUNTA(I25:I36) -> 0.66666667 | K37: Total | L37: =COUNTIF(L25:L36,True)/COUNTA(L25:L36) -> 0.91666667 | M37: =COUNTIF(M25:M36,True)/COUNTA(M25:M36) -> 0.91666667 | N37: =COUNTIF(N25:N36,True)/COUNTA(N25:N36) -> 0.5 | O37: =COUNTIF(O25:O36,True)/COUNTA(O25:O36) -> 0.58333333 | P37: =COUNTIF(P25:P36,True)/COUNTA(P25:P36) -> 0.66666667 | Q37: =COUNTIF(Q25:Q36,True)/COUNTA(Q25:Q36) -> 0.5 | R37: =COUNTIF(R25:R36,True)/COUNTA(R25:R36) -> 0.75
B38: Progress bar | C38: =IFERROR(__xludf.DUMMYFUNCTION("SPARKLINE(C37,{""charttype"",""bar"";""max"",1;""min"",0;""color1"",IF(C37>0.7,""green"",IF(C37>0.5,""yellow"",""red""))})"),"") | D38: =IFERROR(__xludf.DUMMYFUNCTION("SPARKLINE(D37,{""charttype"",""bar"";""max"",1;""min"",0;""color1"",IF(D37>0.7,""green"",IF(D37>0.5,""yellow"",""red""))})"),"") | E38: =IFERROR(__xludf.DUMMYFUNCTION("SPARKLINE(E37,{""charttype"",""bar"";""max"",1;""min"",0;""color1"",IF(E37>0.7,""green"",IF(E37>0.5,""yellow"",""red""))})"),"") | F38: =IFERROR(__xludf.DUMMYFUNCTION("SPARKLINE(F37,{""charttype"",""bar"";""max"",1;""min"",0;""color1"",IF(F37>0.7,""green"",IF(F37>0.5,""yellow"",""red""))})"),"") | G38: =IFERROR(__xludf.DUMMYFUNCTION("SPARKLINE(G37,{""charttype"",""bar"";""max"",1;""min"",0;""color1"",IF(G37>0.7,""green"",IF(G37>0.5,""yellow"",""red""))})"),"") | H38: =IFERROR(__xludf.DUMMYFUNCTION("SPARKLINE(H37,{""charttype"",""bar"";""max"",1;""min"",0;""color1"",IF(H37>0.7,""green"",IF(H37>0.5,""yellow"",""red""))})"),"") | I38: =IFERROR(__xludf.DUMMYFUNCTION("SPARKLINE(I37,{""charttype"",""bar"";""max"",1;""min"",0;""color1"",IF(I37>0.7,""green"",IF(I37>0.5,""yellow"",""red""))})"),"") | K38: Progress bar | L38: =IFERROR(__xludf.DUMMYFUNCTION("SPARKLINE(L37,{""charttype"",""bar"";""max"",1;""min"",0;""color1"",IF(L37>0.7,""green"",IF(L37>0.5,""yellow"",""red""))})"),"") | M38: =IFERROR(__xludf.DUMMYFUNCTION("SPARKLINE(M37,{""charttype"",""bar"";""max"",1;""min"",0;""color1"",IF(M37>0.7,""green"",IF(M37>0.5,""yellow"",""red""))})"),"") | N38: =IFERROR(__xludf.DUMMYFUNCTION("SPARKLINE(N37,{""charttype"",""bar"";""max"",1;""min"",0;""color1"",IF(N37>0.7,""green"",IF(N37>0.5,""yellow"",""red""))})"),"") | O38: =IFERROR(__xludf.DUMMYFUNCTION("SPARKLINE(O37,{""charttype"",""bar"";""max"",1;""min"",0;""color1"",IF(O37>0.7,""green"",IF(O37>0.5,""yellow"",""red""))})"),"") | P38: =IFERROR(__xludf.DUMMYFUNCTION("SPARKLINE(P37,{""charttype"",""bar"";""max"",1;""min"",0;""color1"",IF(P37>0.7,""green"",IF(P37>0.5,""yellow"",""red""))})"),"") | Q38: =IFERROR(__xludf.DUMMYFUNCTION("SPARKLINE(Q37,{""charttype"",""bar"";""max"",1;""min"",0;""color1"",IF(Q37>0.7,""green"",IF(Q37>0.5,""yellow"",""red""))})"),"") | R38: =IFERROR(__xludf.DUMMYFUNCTION("SPARKLINE(R37,{""charttype"",""bar"";""max"",1;""min"",0;""color1"",IF(R37>0.7,""green"",IF(R37>0.5,""yellow"",""red""))})"),"")
B39: Weekly progress bar | C39: =IFERROR(__xludf.DUMMYFUNCTION("SPARKLINE((SUM(C37:I37)+3*U34)/10,{""charttype"",""bar"";""max"",1;""min"",0;""color1"",IF((SUM(C37:I37)+3*U34)/10>0.7,""green"",IF((SUM(C37:I37)+3*U34)/10>0.5,""yellow"",""red""))})"),"") | K39: Weekly progress bar | L39: =IFERROR(__xludf.DUMMYFUNCTION("SPARKLINE((SUM(L37:R37)+3*V34)/10,{""charttype"",""bar"";""max"",1;""min"",0;""color1"",IF((SUM(L37:R37)+3*V34)/10>0.7,""green"",IF((SUM(L37:R37)+3*V34)/10>0.5,""yellow"",""red""))})"),"")

Sheet March2023
D2: =IFERROR(__xludf.DUMMYFUNCTION("SPARKLINE((SUM(C19:I19)+3*SUM(U19:V19) + SUM(L19:R19) + SUM(C37:I37) + SUM(L37:R37) + 3*SUM(U34:V34)+ 5*SUM(Y22))/45,{""charttype"",""bar"";""max"",1;""min"",0;""color1"",IF((SUM(C19:I19)+3*SUM(U19:V19) + SUM(L19:R19) + SUM(C37:I37) + SUM(L37:R37) + 3*SUM"&"(U34:V34)+ 5*SUM(Y22))/45>0.7,""green"",IF((SUM(C19:I19)+3*SUM(U19:V19) + SUM(L19:R19) + SUM(C37:I37) + SUM(L37:R37) + 3*SUM(U34:V34)+ 5*SUM(Y22))/45>0.5,""yellow"",""red""))})"),"")
B3: 44986
B5: Week 1 | C5: ='Feb2023'!R23+1 -> 44984 | D5: =C5+1 -> 44985 | E5: =D5+1 -> 44986 | F5: =E5+1 -> 44987 | G5: =F5+1 -> 44988 | H5: =G5+1 -> 44989 | I5: =H5+1 -> 44990 | K5: Week 2 | L5: =I5+1 -> 44991 | M5: =L5+1 -> 44992 | N5: =M5+1 -> 44993 | O5: =N5+1 -> 44994 | P5: =O5+1 -> 44995 | Q5: =P5+1 -> 44996 | R5: =Q5+1 -> 44997
B6: Day | C6: =CHOOSE(WEEKDAY(C5,2),"Mon","Tue","Wed","Thu","Fri","Sat","Sun") -> Mon | D6: =CHOOSE(WEEKDAY(D5,2),"Mon","Tue","Wed","Thu","Fri","Sat","Sun") -> Tue | E6: =CHOOSE(WEEKDAY(E5,2),"Mon","Tue","Wed","Thu","Fri","Sat","Sun") -> Wed | F6: =CHOOSE(WEEKDAY(F5,2),"Mon","Tue","Wed","Thu","Fri","Sat","Sun") -> Thu | G6: =CHOOSE(WEEKDAY(G5,2),"Mon","Tue","Wed","Thu","Fri","Sat","Sun") -> Fri | H6: =CHOOSE(WEEKDAY(H5,2),"Mon","Tue","Wed","Thu","Fri","Sat","Sun") -> Sat | I6: =CHOOSE(WEEKDAY(I5,2),"Mon","Tue","Wed","Thu","Fri","Sat","Sun") -> Sun | K6: Day | L6: =CHOOSE(WEEKDAY(L5,2),"Mon","Tue","Wed","Thu","Fri","Sat","Sun") -> Mon | M6: =CHOOSE(WEEKDAY(M5,2),"Mon","Tue","Wed","Thu","Fri","Sat","Sun") -> Tue | N6: =CHOOSE(WEEKDAY(N5,2),"Mon","Tue","Wed","Thu","Fri","Sat","Sun") -> Wed | O6: =CHOOSE(WEEKDAY(O5,2),"Mon","Tue","Wed","Thu","Fri","Sat","Sun") -> Thu | P6: =CHOOSE(WEEKDAY(P5,2),"Mon","Tue","Wed","Thu","Fri","Sat","Sun") -> Fri | Q6: =CHOOSE(WEEKDAY(Q5,2),"Mon","Tue","Wed","Thu","Fri","Sat","Sun") -> Sat | R6: =CHOOSE(WEEKDAY(R5,2),"Mon","Tue","Wed","Thu","Fri","Sat","Sun") -> Sun
B7: Exercise | C7: TRUE | D7: TRUE | E7: TRUE | F7: TRUE | G7: TRUE | H7: FALSE | I7: FALSE | K7: =B7 -> Exercise | L7: FALSE | M7: TRUE | N7: TRUE | O7: FALSE | P7: FALSE | Q7: FALSE | R7: FALSE | X7: =(SUM(C19:I19)+3*SUM(U19:V19) + SUM(L19:R19) + SUM(C37:I37) + SUM(L37:R37) + 3*SUM(U34:V34) + 5*SUM(Y22))/45 -> 0.53030303
B8: Stretch/Yoga (>20min) | C8: FALSE | D8: FALSE | E8: FALSE | F8: TRUE | G8: FALSE | H8: FALSE | I8: FALSE | K8: =B8 -> Stretch/Yoga (>20min) | L8: FALSE | M8: FALSE | N8: FALSE | O8: FALSE | P8: FALSE | Q8: FALSE | R8: FALSE | T8: Weekly Goals | U8: Week 1 | V8: Week 2 | X8: {=COUNTIF(C7:I18,TRUE)+COUNTIF(L7:R18,TRUE)+COUNTIF(C25:I36,TRUE)+COUNTIF(L25:R36,TRUE)+3*(COUNTIF(U9:V18,TRUE)+COUNTIF(U24:V33,TRUE))+5*(COUNTIF(Y17:Y21,TRUE))} -> 263
B9: Social Media (<limit) | C9: TRUE | D9: TRUE | E9: TRUE | F9: TRUE | G9: TRUE | H9: TRUE | I9: TRUE | K9: =B9 -> Social Media (<limit) | L9: TRUE | M9: TRUE | N9: TRUE | O9: TRUE | P9: TRUE | Q9: TRUE | R9: TRUE | T9: Laundry | U9: FALSE | V9: TRUE | X9: =X8 + 'Feb2023'!X9 -> 895
B10: Eat in | C10: TRUE | D10: TRUE | E10: TRUE | F10: TRUE | G10: FALSE | H10: FALSE | I10: TRUE | K10: =B10 -> Eat in | L10: TRUE | M10: FALSE | N10: FALSE | O10: TRUE | P10: TRUE | Q10: FALSE | R10: TRUE | T10: Cleaning | U10: TRUE | V10: TRUE
B11: Review Budget/Goals | C11: TRUE | D11: TRUE | E11: TRUE | F11: TRUE | G11: TRUE | H11: TRUE | I11: TRUE | K11: =B11 -> Review Budget/Goals | L11: TRUE | M11: TRUE | N11: TRUE | O11: TRUE | P11: TRUE | Q11: TRUE | R11: TRUE | T11: Grocery Shop | U11: FALSE | V11: TRUE
B12: (2x)Brush+(1x)Floss | C12: TRUE | D12: TRUE | E12: TRUE | F12: TRUE | G12: FALSE | H12: FALSE | I12: FALSE | K12: =B12 -> (2x)Brush+(1x)Floss | L12: TRUE | M12: TRUE | N12: TRUE | O12: FALSE | P12: TRUE | Q12: TRUE | R12: FALSE | T12: Meal Prep | U12: FALSE | V12: TRUE
B13: Water (3L) | C13: TRUE | D13: TRUE | E13: TRUE | F13: TRUE | G13: FALSE | H13: FALSE | I13: FALSE | K13: =B13 -> Water (3L) | L13: TRUE | M13: TRUE | N13: TRUE | O13: FALSE | P13: TRUE | Q13: FALSE | R13: FALSE | T13: Website work (~2h) | U13: TRUE | V13: FALSE
B14: 7 hours sleep | C14: FALSE | D14: TRUE | E14: TRUE | F14: FALSE | G14: TRUE | H14: FALSE | I14: TRUE | K14: =B14 -> 7 hours sleep | L14: TRUE | M14: FALSE | N14: TRUE | O14: TRUE | P14: TRUE | Q14: TRUE | R14: TRUE | T14: Recycling | U14: TRUE | V14: TRUE
B15: Clean (~20 min) | C15: TRUE | D15: TRUE | E15: TRUE | F15: FALSE | G15: TRUE | H15: FALSE | I15: TRUE | K15: =B15 -> Clean (~20 min) | L15: TRUE | M15: FALSE | N15: FALSE | O15: TRUE | P15: TRUE | Q15: TRUE | R15: TRUE | T15: Trash | U15: TRUE | V15: TRUE
B16: Read (~20 min) | C16: TRUE | D16: TRUE | E16: TRUE | F16: TRUE | G16: TRUE | H16: FALSE | I16: FALSE | K16: =B16 -> Read (~20 min) | L16: FALSE | M16: TRUE | N16: FALSE | O16: FALSE | P16: TRUE | Q16: FALSE | R16: FALSE | T16: Shave/Trim | U16: TRUE | V16: FALSE | X16: Monthly Goals
B17: Vitamins | C17: TRUE | D17: TRUE | E17: TRUE | F17: TRUE | G17: FALSE | H17: FALSE | I17: FALSE | K17: =B17 -> Vitamins | L17: TRUE | M17: TRUE | N17: TRUE | O17: TRUE | P17: TRUE | Q17: TRUE | R17: TRUE | T17: Water Plants | U17: TRUE | V17: TRUE | X17: Wash Sheets | Y17: FALSE
B18: Duolingo | C18: TRUE | D18: TRUE | E18: TRUE | F18: TRUE | G18: TRUE | H18: TRUE | I18: TRUE | K18: =B18 -> Duolingo | L18: TRUE | M18: TRUE | N18: TRUE | O18: TRUE | P18: TRUE | Q18: TRUE | R18: TRUE | T18: Weekend Exercise | U18: FALSE | V18: FALSE | X18: Haircut | Y18: FALSE
B19: Total | C19: =COUNTIF(C7:C18,True)/COUNTA(C7:C18) -> 0.83333333 | D19: =COUNTIF(D7:D18,True)/COUNTA(D7:D18) -> 0.91666667 | E19: =COUNTIF(E7:E18,True)/COUNTA(E7:E18) -> 0.91666667 | F19: =COUNTIF(F7:F18,True)/COUNTA(F7:F18) -> 0.83333333 | G19: =COUNTIF(G7:G18,True)/COUNTA(G7:G18) -> 0.58333333 | H19: =COUNTIF(H7:H18,True)/COUNTA(H7:H18) -> 0.25 | I19: =COUNTIF(I7:I18,True)/COUNTA(I7:I18) -> 0.5 | K19: Total | L19: =COUNTIF(L7:L18,True)/COUNTA(L7:L18) -> 0.75 | M19: =COUNTIF(M7:M18,True)/COUNTA(M7:M18) -> 0.66666667 | N19: =COUNTIF(N7:N18,True)/COUNTA(N7:N18) -> 0.66666667 | O19: =COUNTIF(O7:O18,True)/COUNTA(O7:O18) -> 0.58333333 | P19: =COUNTIF(P7:P18,True)/COUNTA(P7:P18) -> 0.83333333 | Q19: =COUNTIF(Q7:Q18,True)/COUNTA(Q7:Q18) -> 0.58333333 | R19: =COUNTIF(R7:R18,True)/COUNTA(R7:R18) -> 0.58333333 | T19: Total | U19: =COUNTIF(U9:U18,True)/COUNTA(U9:U18) -> 0.6 | V19: =COUNTIF(V9:V18,True)/COUNTA(V9:V18) -> 0.7 | X19: Savings Deposit | Y19: TRUE
B20: Progress bar | C20: =IFERROR(__xludf.DUMMYFUNCTION("SPARKLINE(C19,{""charttype"",""bar"";""max"",1;""min"",0;""color1"",IF(C19>0.7,""green"",IF(C19>0.5,""yellow"",""red""))})"),"") | D20: =IFERROR(__xludf.DUMMYFUNCTION("SPARKLINE(D19,{""charttype"",""bar"";""max"",1;""min"",0;""color1"",IF(D19>0.7,""green"",IF(D19>0.5,""yellow"",""red""))})"),"") | E20: =IFERROR(__xludf.DUMMYFUNCTION("SPARKLINE(E19,{""charttype"",""bar"";""max"",1;""min"",0;""color1"",IF(E19>0.7,""green"",IF(E19>0.5,""yellow"",""red""))})"),"") | F20: =IFERROR(__xludf.DUMMYFUNCTION("SPARKLINE(F19,{""charttype"",""bar"";""max"",1;""min"",0;""color1"",IF(F19>0.7,""green"",IF(F19>0.5,""yellow"",""red""))})"),"") | G20: =IFERROR(__xludf.DUMMYFUNCTION("SPARKLINE(G19,{""charttype"",""bar"";""max"",1;""min"",0;""color1"",IF(G19>0.7,""green"",IF(G19>0.5,""yellow"",""red""))})"),"") | H20: =IFERROR(__xludf.DUMMYFUNCTION("SPARKLINE(H19,{""charttype"",""bar"";""max"",1;""min"",0;""color1"",IF(H19>0.7,""green"",IF(H19>0.5,""yellow"",""red""))})"),"") | I20: =IFERROR(__xludf.DUMMYFUNCTION("SPARKLINE(I19,{""charttype"",""bar"";""max"",1;""min"",0;""color1"",IF(I19>0.7,""green"",IF(I19>0.5,""yellow"",""red""))})"),"") | K20: Progress bar | L20: =IFERROR(__xludf.DUMMYFUNCTION("SPARKLINE(L19,{""charttype"",""bar"";""max"",1;""min"",0;""color1"",IF(L19>0.7,""green"",IF(L19>0.5,""yellow"",""red""))})"),"") | M20: =IFERROR(__xludf.DUMMYFUNCTION("SPARKLINE(M19,{""charttype"",""bar"";""max"",1;""min"",0;""color1"",IF(M19>0.7,""green"",IF(M19>0.5,""yellow"",""red""))})"),"") | N20: =IFERROR(__xludf.DUMMYFUNCTION("SPARKLINE(N19,{""charttype"",""bar"";""max"",1;""min"",0;""color1"",IF(N19>0.7,""green"",IF(N19>0.5,""yellow"",""red""))})"),"") | O20: =IFERROR(__xludf.DUMMYFUNCTION("SPARKLINE(O19,{""charttype"",""bar"";""max"",1;""min"",0;""color1"",IF(O19>0.7,""green"",IF(O19>0.5,""yellow"",""red""))})"),"") | P20: =IFERROR(__xludf.DUMMYFUNCTION("SPARKLINE(P19,{""charttype"",""bar"";""max"",1;""min"",0;""color1"",IF(P19>0.7,""green"",IF(P19>0.5,""yellow"",""red""))})"),"") | Q20: =IFERROR(__xludf.DUMMYFUNCTION("SPARKLINE(Q19,{""charttype"",""bar"";""max"",1;""min"",0;""color1"",IF(Q19>0.7,""green"",IF(Q19>0.5,""yellow"",""red""))})"),"") | R20: =IFERROR(__xludf.DUMMYFUNCTION("SPARKLINE(R19,{""charttype"",""bar"";""max"",1;""min"",0;""color1"",IF(R19>0.7,""green"",IF(R19>0.5,""yellow"",""red""))})"),"") | U20: =IFERROR(__xludf.DUMMYFUNCTION("SPARKLINE(U19,{""charttype"",""bar"";""max"",1;""min"",0;""color1"",IF(U19>0.7,""green"",IF(U19>0.5,""yellow"",""red""))})"),"") | V20: =IFERROR(__xludf.DUMMYFUNCTION("SPARKLINE(V19,{""charttype"",""bar"";""max"",1;""min"",0;""color1"",IF(V19>0.7,""green"",IF(V19>0.5,""yellow"",""red""))})"),"") | X20: Loan Payment | Y20: FALSE
B21: Weekly progress bar | C21: =IFERROR(__xludf.DUMMYFUNCTION("SPARKLINE((SUM(C19:I19)+3*U19)/10,{""charttype"",""bar"";""max"",1;""min"",0;""color1"",IF((SUM(C19:I19)+3*U19)/10>0.7,""green"",IF((SUM(C19:I19)+3*U19)/10>0.5,""yellow"",""red""))})"),"") | K21: Weekly progress bar | L21: =IFERROR(__xludf.DUMMYFUNCTION("SPARKLINE((SUM(L19:R19)+3*V19)/10,{""charttype"",""bar"";""max"",1;""min"",0;""color1"",IF((SUM(L19:R19)+3*V19)/10>0.7,""green"",IF((SUM(L19:R19)+3*V19)/10>0.5,""yellow"",""red""))})"),"") | T21: Progress bar | U21: =IFERROR(__xludf.DUMMYFUNCTION("SPARKLINE((U19+V19)/2,{""charttype"",""bar"";""max"",1;""min"",0;""color1"",IF((U19+V19)/2>0.7,""green"",IF((U19+V19)/2>0.5,""yellow"",""red""))})"),"") | X21: Wash mats | Y21: TRUE
X22: Total | Y22: =COUNTIF(Y17:Y21,True)/COUNTA(Y17:Y21) -> 0.4
B23: Week 3 | C23: =R5+1 -> 44998 | D23: =C23+1 -> 44999 | E23: =D23+1 -> 45000 | F23: =E23+1 -> 45001 | G23: =F23+1 -> 45002 | H23: =G23+1 -> 45003 | I23: =H23+1 -> 45004 | K23: Week 4 | L23: =I23+1 -> 45005 | M23: =L23+1 -> 45006 | N23: =M23+1 -> 45007 | O23: =N23+1 -> 45008 | P23: =O23+1 -> 45009 | Q23: =P23+1 -> 45010 | R23: =Q23+1 -> 45011 | T23: Weekly Goals | U23: Week 3 | V23: Week 4 | X23: Progress bar | Y23: =IFERROR(__xludf.DUMMYFUNCTION("SPARKLINE(Y22,{""charttype"",""bar"";""max"",1;""min"",0;""color1"",IF(Y22>0.7,""green"",IF(Y22>0.5,""yellow"",""red""))})"),"")
B24: Day | C24: =CHOOSE(WEEKDAY(C23,2),"Mon","Tue","Wed","Thu","Fri","Sat","Sun") -> Mon | D24: =CHOOSE(WEEKDAY(D23,2),"Mon","Tue","Wed","Thu","Fri","Sat","Sun") -> Tue | E24: =CHOOSE(WEEKDAY(E23,2),"Mon","Tue","Wed","Thu","Fri","Sat","Sun") -> Wed | F24: =CHOOSE(WEEKDAY(F23,2),"Mon","Tue","Wed","Thu","Fri","Sat","Sun") -> Thu | G24: =CHOOSE(WEEKDAY(G23,2),"Mon","Tue","Wed","Thu","Fri","Sat","Sun") -> Fri | H24: =CHOOSE(WEEKDAY(H23,2),"Mon","Tue","Wed","Thu","Fri","Sat","Sun") -> Sat | I24: =CHOOSE(WEEKDAY(I23,2),"Mon","Tue","Wed","Thu","Fri","Sat","Sun") -> Sun | K24: Day | L24: =CHOOSE(WEEKDAY(L23,2),"Mon","Tue","Wed","Thu","Fri","Sat","Sun") -> Mon | M24: =CHOOSE(WEEKDAY(M23,2),"Mon","Tue","Wed","Thu","Fri","Sat","Sun") -> Tue | N24: =CHOOSE(WEEKDAY(N23,2),"Mon","Tue","Wed","Thu","Fri","Sat","Sun") -> Wed | O24: =CHOOSE(WEEKDAY(O23,2),"Mon","Tue","Wed","Thu","Fri","Sat","Sun") -> Thu | P24: =CHOOSE(WEEKDAY(P23,2),"Mon","Tue","Wed","Thu","Fri","Sat","Sun") -> Fri | Q24: =CHOOSE(WEEKDAY(Q23,2),"Mon","Tue","Wed","Thu","Fri","Sat","Sun") -> Sat | R24: =CHOOSE(WEEKDAY(R23,2),"Mon","Tue","Wed","Thu","Fri","Sat","Sun") -> Sun | T24: Laundry | U24: TRUE | V24: FALSE
B25: =B7 -> Exercise | C25: FALSE | D25: FALSE | E25: FALSE | F25: FALSE | G25: FALSE | H25: FALSE | I25: FALSE | K25: =B7 -> Exercise | L25: FALSE | M25: FALSE | N25: FALSE | O25: FALSE | P25: FALSE | Q25: FALSE | R25: FALSE | T25: Cleaning | U25: TRUE | V25: FALSE
B26: =B8 -> Stretch/Yoga (>20min) | C26: FALSE | D26: FALSE | E26: FALSE | F26: FALSE | G26: FALSE | H26: FALSE | I26: FALSE | K26: =B8 -> Stretch/Yoga (>20min) | L26: FALSE | M26: FALSE | N26: FALSE | O26: FALSE | P26: FALSE | Q26: FALSE | R26: FALSE | T26: Grocery Shop | U26: TRUE | V26: FALSE
B27: =B9 -> Social Media (<limit) | C27: TRUE | D27: TRUE | E27: TRUE | F27: TRUE | G27: TRUE | H27: TRUE | I27: TRUE | K27: =B9 -> Social Media (<limit) | L27: TRUE | M27: TRUE | N27: TRUE | O27: TRUE | P27: TRUE | Q27: TRUE | R27: TRUE | T27: Meal Prep | U27: FALSE | V27: FALSE
B28: =B10 -> Eat in | C28: TRUE | D28: TRUE | E28: FALSE | F28: TRUE | G28: FALSE | H28: FALSE | I28: TRUE | K28: =B10 -> Eat in | L28: TRUE | M28: FALSE | N28: FALSE | O28: FALSE | P28: FALSE | Q28: FALSE | R28: FALSE | T28: Website work (~2h) | U28: FALSE | V28: FALSE
B29: =B11 -> Review Budget/Goals | C29: TRUE | D29: TRUE | E29: TRUE | F29: TRUE | G29: TRUE | H29: TRUE | I29: TRUE | K29: =B11 -> Review Budget/Goals | L29: TRUE | M29: TRUE | N29: FALSE | O29: FALSE | P29: FALSE | Q29: FALSE | R29: FALSE | T29: Recycling | U29: TRUE | V29: FALSE
B30: =B12 -> (2x)Brush+(1x)Floss | C30: TRUE | D30: TRUE | E30: TRUE | F30: FALSE | G30: FALSE | H30: FALSE | I30: TRUE | K30: =B12 -> (2x)Brush+(1x)Floss | L30: TRUE | M30: FALSE | N30: TRUE | O30: TRUE | P30: TRUE | Q30: FALSE | R30: FALSE | T30: Trash | U30: TRUE | V30: FALSE
B31: =B13 -> Water (3L) | C31: FALSE | D31: FALSE | E31: TRUE | F31: FALSE | G31: TRUE | H31: FALSE | I31: TRUE | K31: =B13 -> Water (3L) | L31: TRUE | M31: FALSE | N31: FALSE | O31: FALSE | P31: FALSE | Q31: FALSE | R31: FALSE | T31: Shave/Trim | U31: TRUE | V31: TRUE
B32: =B14 -> 7 hours sleep | C32: TRUE | D32: TRUE | E32: TRUE | F32: TRUE | G32: TRUE | H32: FALSE | I32: TRUE | K32: =B14 -> 7 hours sleep | L32: TRUE | M32: TRUE | N32: TRUE | O32: FALSE | P32: TRUE | Q32: TRUE | R32: FALSE | T32: Water Plants | U32: FALSE | V32: FALSE
B33: =B15 -> Clean (~20 min) | C33: TRUE | D33: TRUE | E33: TRUE | F33: FALSE | G33: FALSE | H33: TRUE | I33: TRUE | K33: =B15 -> Clean (~20 min) | L33: TRUE | M33: FALSE | N33: FALSE | O33: FALSE | P33: FALSE | Q33: FALSE | R33: FALSE | T33: Weekend Exercise | U33: FALSE | V33: FALSE
B34: =B16 -> Read (~20 min) | C34: TRUE | D34: TRUE | E34: TRUE | F34: TRUE | G34: TRUE | H34: FALSE | I34: FALSE | K34: =B16 -> Read (~20 min) | L34: TRUE | M34: TRUE | N34: FALSE | O34: FALSE | P34: FALSE | Q34: FALSE | R34: FALSE | T34: Total | U34: =COUNTIF(U24:U33,True)/COUNTA(U24:U33) -> 0.6 | V34: =COUNTIF(V24:V33,True)/COUNTA(V24:V33) -> 0.1
B35: =B17 -> Vitamins | C35: FALSE | D35: TRUE | E35: TRUE | F35: FALSE | G35: FALSE | H35: FALSE | I35: TRUE | K35: =B17 -> Vitamins | L35: TRUE | M35: FALSE | N35: TRUE | O35: TRUE | P35: FALSE | Q35: FALSE | R35: FALSE | U35: =IFERROR(__xludf.DUMMYFUNCTION("SPARKLINE(U34,{""charttype"",""bar"";""max"",1;""min"",0;""color1"",IF(U34>0.7,""green"",IF(U34>0.5,""yellow"",""red""))})"),"") | V35: =IFERROR(__xludf.DUMMYFUNCTION("SPARKLINE(V34,{""charttype"",""bar"";""max"",1;""min"",0;""color1"",IF(V34>0.7,""green"",IF(V34>0.5,""yellow"",""red""))})"),"")
B36: =B18 -> Duolingo | C36: TRUE | D36: TRUE | E36: TRUE | F36: FALSE | G36: TRUE | H36: FALSE | I36: FALSE | K36: =B36 -> Duolingo | L36: TRUE | M36: FALSE | N36: TRUE | O36: TRUE | P36: FALSE | Q36: TRUE | R36: TRUE | T36: Progress bar | U36: =IFERROR(__xludf.DUMMYFUNCTION("SPARKLINE((U34+V34)/2,{""charttype"",""bar"";""max"",1;""min"",0;""color1"",IF((U34+V34)/2>0.7,""green"",IF((U34+V34)/2>0.5,""yellow"",""red""))})"),"")
B37: Total | C37: =COUNTIF(C25:C36,True)/COUNTA(C25:C36) -> 0.66666667 | D37: =COUNTIF(D25:D36,True)/COUNTA(D25:D36) -> 0.75 | E37: =COUNTIF(E25:E36,True)/COUNTA(E25:E36) -> 0.75 | F37: =COUNTIF(F25:F36,True)/COUNTA(F25:F36) -> 0.41666667 | G37: =COUNTIF(G25:G36,True)/COUNTA(G25:G36) -> 0.5 | H37: =COUNTIF(H25:H36,True)/COUNTA(H25:H36) -> 0.25 | I37: =COUNTIF(I25:I36,True)/COUNTA(I25:I36) -> 0.66666667 | K37: Total | L37: =COUNTIF(L25:L35,True)/COUNTA(L25:L35) -> 0.81818182 | M37: =COUNTIF(M25:M35,True)/COUNTA(M25:M35) -> 0.36363636 | N37: =COUNTIF(N25:N35,True)/COUNTA(N25:N35) -> 0.36363636 | O37: =COUNTIF(O25:O35,True)/COUNTA(O25:O35) -> 0.27272727 | P37: =COUNTIF(P25:P35,True)/COUNTA(P25:P35) -> 0.27272727 | Q37: =COUNTIF(Q25:Q35,True)/COUNTA(Q25:Q35) -> 0.18181818 | R37: =COUNTIF(R25:R35,True)/COUNTA(R25:R35) -> 0.090909091
B38: Progress bar | C38: =IFERROR(__xludf.DUMMYFUNCTION("SPARKLINE(C37,{""charttype"",""bar"";""max"",1;""min"",0;""color1"",IF(C37>0.7,""green"",IF(C37>0.5,""yellow"",""red""))})"),"") | D38: =IFERROR(__xludf.DUMMYFUNCTION("SPARKLINE(D37,{""charttype"",""bar"";""max"",1;""min"",0;""color1"",IF(D37>0.7,""green"",IF(D37>0.5,""yellow"",""red""))})"),"") | E38: =IFERROR(__xludf.DUMMYFUNCTION("SPARKLINE(E37,{""charttype"",""bar"";""max"",1;""min"",0;""color1"",IF(E37>0.7,""green"",IF(E37>0.5,""yellow"",""red""))})"),"") | F38: =IFERROR(__xludf.DUMMYFUNCTION("SPARKLINE(F37,{""charttype"",""bar"";""max"",1;""min"",0;""color1"",IF(F37>0.7,""green"",IF(F37>0.5,""yellow"",""red""))})"),"") | G38: =IFERROR(__xludf.DUMMYFUNCTION("SPARKLINE(G37,{""charttype"",""bar"";""max"",1;""min"",0;""color1"",IF(G37>0.7,""green"",IF(G37>0.5,""yellow"",""red""))})"),"") | H38: =IFERROR(__xludf.DUMMYFUNCTION("SPARKLINE(H37,{""charttype"",""bar"";""max"",1;""min"",0;""color1"",IF(H37>0.7,""green"",IF(H37>0.5,""yellow"",""red""))})"),"") | I38: =IFERROR(__xludf.DUMMYFUNCTION("SPARKLINE(I37,{""charttype"",""bar"";""max"",1;""min"",0;""color1"",IF(I37>0.7,""green"",IF(I37>0.5,""yellow"",""red""))})"),"") | K38: Progress bar | L38: =IFERROR(__xludf.DUMMYFUNCTION("SPARKLINE(L37,{""charttype"",""bar"";""max"",1;""min"",0;""color1"",IF(L37>0.7,""green"",IF(L37>0.5,""yellow"",""red""))})"),"") | M38: =IFERROR(__xludf.DUMMYFUNCTION("SPARKLINE(M37,{""charttype"",""bar"";""max"",1;""min"",0;""color1"",IF(M37>0.7,""green"",IF(M37>0.5,""yellow"",""red""))})"),"") | N38: =IFERROR(__xludf.DUMMYFUNCTION("SPARKLINE(N37,{""charttype"",""bar"";""max"",1;""min"",0;""color1"",IF(N37>0.7,""green"",IF(N37>0.5,""yellow"",""red""))})"),"") | O38: =IFERROR(__xludf.DUMMYFUNCTION("SPARKLINE(O37,{""charttype"",""bar"";""max"",1;""min"",0;""color1"",IF(O37>0.7,""green"",IF(O37>0.5,""yellow"",""red""))})"),"") | P38: =IFERROR(__xludf.DUMMYFUNCTION("SPARKLINE(P37,{""charttype"",""bar"";""max"",1;""min"",0;""color1"",IF(P37>0.7,""green"",IF(P37>0.5,""yellow"",""red""))})"),"") | Q38: =IFERROR(__xludf.DUMMYFUNCTION("SPARKLINE(Q37,{""charttype"",""bar"";""max"",1;""min"",0;""color1"",IF(Q37>0.7,""green"",IF(Q37>0.5,""yellow"",""red""))})"),"") | R38: =IFERROR(__xludf.DUMMYFUNCTION("SPARKLINE(R37,{""charttype"",""bar"";""max"",1;""min"",0;""color1"",IF(R37>0.7,""green"",IF(R37>0.5,""yellow"",""red""))})"),"")
B39: Weekly progress bar | C39: =IFERROR(__xludf.DUMMYFUNCTION("SPARKLINE((SUM(C37:I37)+3*U34)/10,{""charttype"",""bar"";""max"",1;""min"",0;""color1"",IF((SUM(C37:I37)+3*U34)/10>0.7,""green"",IF((SUM(C37:I37)+3*U34)/10>0.5,""yellow"",""red""))})"),"") | K39: Weekly progress bar | L39: =IFERROR(__xludf.DUMMYFUNCTION("SPARKLINE((SUM(L37:R37)+3*V34)/10,{""charttype"",""bar"";""max"",1;""min"",0;""color1"",IF((SUM(L37:R37)+3*V34)/10>0.7,""green"",IF((SUM(L37:R37)+3*V34)/10>0.5,""yellow"",""red""))})"),"")

Sheet April2023
D2: =IFERROR(__xludf.DUMMYFUNCTION("SPARKLINE((SUM(C19:I19)+3*SUM(U19:V19) + SUM(L19:R19) + SUM(C37:I37) + SUM(L37:R37) +SUM(Z22:AF22) + 3*SUM(U34:W34)+ 5*SUM(Z32))/55,{""charttype"",""bar"";""max"",1;""min"",0;""color1"",IF((SUM(C19:I19)+3*SUM(U19:V19) + SUM(L19:R19) + SUM(C37:I37) + SUM(L"&"37:R37) +SUM(Z22:AF22) + 3*SUM(U34:V34)+ 5*SUM(Z32))/52>0.7,""green"",IF((SUM(C19:I19)+3*SUM(U19:V19) + SUM(L19:R19) + SUM(C37:I37) + SUM(L37:R37) +SUM(Z22:AF22) + 3*SUM(U34:V34)+ 5*SUM(Z32))/52>0.5,""yellow"",""red""))})"),"") | AA2: (%): | AB2: =(SUM(C19:I19)+3*SUM(U19:V19) + SUM(L19:R19) + SUM(C37:I37) + SUM(L37:R37) +SUM(Z22:AF22) + 3*SUM(U34:W34)+ 5*SUM(Z32))/55 -> 0.50438017
B3: 45017 | AA3: Points: | AB3: {=COUNTIF(C7:I18,TRUE)+COUNTIF(L7:R18,TRUE)+COUNTIF(C25:I36,TRUE)+COUNTIF(L25:R36,TRUE)+COUNTIF(Z10:AF21,TRUE)+3*(COUNTIF(U9:V18,TRUE)+COUNTIF(U24:W33,TRUE))+5*(COUNTIF(Z27:Z31,TRUE))} -> 278
AA4: ytd | AB4: =AB3 + March2023!X9 -> 1173
B5: Week 1 | C5: =March2023!R23+1 -> 45012 | D5: =C5+1 -> 45013 | E5: =D5+1 -> 45014 | F5: =E5+1 -> 45015 | G5: =F5+1 -> 45016 | H5: =G5+1 -> 45017 | I5: =H5+1 -> 45018 | K5: Week 2 | L5: =I5+1 -> 45019 | M5: =L5+1 -> 45020 | N5: =M5+1 -> 45021 | O5: =N5+1 -> 45022 | P5: =O5+1 -> 45023 | Q5: =P5+1 -> 45024 | R5: =Q5+1 -> 45025
B6: Day | C6: =CHOOSE(WEEKDAY(C5,2),"Mon","Tue","Wed","Thu","Fri","Sat","Sun") -> Mon | D6: =CHOOSE(WEEKDAY(D5,2),"Mon","Tue","Wed","Thu","Fri","Sat","Sun") -> Tue | E6: =CHOOSE(WEEKDAY(E5,2),"Mon","Tue","Wed","Thu","Fri","Sat","Sun") -> Wed | F6: =CHOOSE(WEEKDAY(F5,2),"Mon","Tue","Wed","Thu","Fri","Sat","Sun") -> Thu | G6: =CHOOSE(WEEKDAY(G5,2),"Mon","Tue","Wed","Thu","Fri","Sat","Sun") -> Fri | H6: =CHOOSE(WEEKDAY(H5,2),"Mon","Tue","Wed","Thu","Fri","Sat","Sun") -> Sat | I6: =CHOOSE(WEEKDAY(I5,2),"Mon","Tue","Wed","Thu","Fri","Sat","Sun") -> Sun | K6: Day | L6: =CHOOSE(WEEKDAY(L5,2),"Mon","Tue","Wed","Thu","Fri","Sat","Sun") -> Mon | M6: =CHOOSE(WEEKDAY(M5,2),"Mon","Tue","Wed","Thu","Fri","Sat","Sun") -> Tue | N6: =CHOOSE(WEEKDAY(N5,2),"Mon","Tue","Wed","Thu","Fri","Sat","Sun") -> Wed | O6: =CHOOSE(WEEKDAY(O5,2),"Mon","Tue","Wed","Thu","Fri","Sat","Sun") -> Thu | P6: =CHOOSE(WEEKDAY(P5,2),"Mon","Tue","Wed","Thu","Fri","Sat","Sun") -> Fri | Q6: =CHOOSE(WEEKDAY(Q5,2),"Mon","Tue","Wed","Thu","Fri","Sat","Sun") -> Sat | R6: =CHOOSE(WEEKDAY(R5,2),"Mon","Tue","Wed","Thu","Fri","Sat","Sun") -> Sun
B7: Exercise | C7: FALSE | D7: FALSE | E7: FALSE | F7: TRUE | G7: FALSE | H7: FALSE | I7: FALSE | K7: =B7 -> Exercise | L7: TRUE | M7: TRUE | N7: TRUE | O7: TRUE | P7: FALSE | Q7: FALSE | R7: FALSE
B8: Stretch/Yoga (>20min) | C8: FALSE | D8: FALSE | E8: FALSE | F8: FALSE | G8: FALSE | H8: FALSE | I8: FALSE | K8: =B8 -> Stretch/Yoga (>20min) | L8: FALSE | M8: FALSE | N8: FALSE | O8: FALSE | P8: FALSE | Q8: FALSE | R8: FALSE | T8: Weekly Goals | U8: Week 1 | V8: Week 2 | Y8: Bonus Week | Z8: =R23+1 -> 45040 | AA8: =Z8+1 -> 45041 | AB8: =AA8+1 -> 45042 | AC8: =AB8+1 -> 45043 | AD8: =AC8+1 -> 45044 | AE8: =AD8+1 -> 45045 | AF8: =AE8+1 -> 45046
B9: Social Media (<limit) | C9: TRUE | D9: TRUE | E9: TRUE | F9: TRUE | G9: TRUE | H9: TRUE | I9: TRUE | K9: =B9 -> Social Media (<limit) | L9: TRUE | M9: FALSE | N9: TRUE | O9: FALSE | P9: TRUE | Q9: FALSE | R9: TRUE | T9: Laundry | U9: TRUE | V9: TRUE | Y9: Day | Z9: =CHOOSE(WEEKDAY(Z8,2),"Mon","Tue","Wed","Thu","Fri","Sat","Sun") -> Mon | AA9: =CHOOSE(WEEKDAY(AA8,2),"Mon","Tue","Wed","Thu","Fri","Sat","Sun") -> Tue | AB9: =CHOOSE(WEEKDAY(AB8,2),"Mon","Tue","Wed","Thu","Fri","Sat","Sun") -> Wed | AC9: =CHOOSE(WEEKDAY(AC8,2),"Mon","Tue","Wed","Thu","Fri","Sat","Sun") -> Thu | AD9: =CHOOSE(WEEKDAY(AD8,2),"Mon","Tue","Wed","Thu","Fri","Sat","Sun") -> Fri | AE9: =CHOOSE(WEEKDAY(AE8,2),"Mon","Tue","Wed","Thu","Fri","Sat","Sun") -> Sat | AF9: =CHOOSE(WEEKDAY(AF8,2),"Mon","Tue","Wed","Thu","Fri","Sat","Sun") -> Sun
B10: Eat in | C10: FALSE | D10: TRUE | E10: TRUE | F10: TRUE | G10: TRUE | H10: TRUE | I10: TRUE | K10: =B10 -> Eat in | L10: TRUE | M10: FALSE | N10: TRUE | O10: TRUE | P10: TRUE | Q10: FALSE | R10: TRUE | T10: Cleaning | U10: TRUE | V10: TRUE | Y10: =K7 -> Exercise | Z10: FALSE | AA10: FALSE | AB10: TRUE | AC10: FALSE | AD10: FALSE | AE10: FALSE | AF10: FALSE
B11: Review Budget/Goals | C11: FALSE | D11: TRUE | E11: TRUE | F11: TRUE | G11: TRUE | H11: TRUE | I11: TRUE | K11: =B11 -> Review Budget/Goals | L11: TRUE | M11: TRUE | N11: TRUE | O11: FALSE | P11: TRUE | Q11: TRUE | R11: FALSE | T11: Grocery Shop | U11: TRUE | V11: FALSE | Y11: =K8 -> Stretch/Yoga (>20min) | Z11: FALSE | AA11: FALSE | AB11: FALSE | AC11: FALSE | AD11: FALSE | AE11: FALSE | AF11: FALSE
B12: (2x)Brush+(1x)Floss | C12: FALSE | D12: TRUE | E12: FALSE | F12: TRUE | G12: TRUE | H12: FALSE | I12: FALSE | K12: =B12 -> (2x)Brush+(1x)Floss | L12: TRUE | M12: FALSE | N12: TRUE | O12: FALSE | P12: FALSE | Q12: FALSE | R12: FALSE | T12: Meal Prep | U12: TRUE | V12: FALSE | Y12: =K9 -> Social Media (<limit) | Z12: FALSE | AA12: FALSE | AB12: TRUE | AC12: TRUE | AD12: FALSE | AE12: TRUE | AF12: TRUE
B13: Water (3L) | C13: FALSE | D13: FALSE | E13: TRUE | F13: TRUE | G13: TRUE | H13: FALSE | I13: FALSE | K13: =B13 -> Water (3L) | L13: TRUE | M13: TRUE | N13: TRUE | O13: TRUE | P13: FALSE | Q13: FALSE | R13: FALSE | T13: Website work (~2h) | U13: FALSE | V13: FALSE | Y13: =K10 -> Eat in | Z13: FALSE | AA13: FALSE | AB13: FALSE | AC13: FALSE | AD13: TRUE | AE13: FALSE | AF13: FALSE
B14: 7 hours sleep | C14: TRUE | D14: TRUE | E14: TRUE | F14: FALSE | G14: TRUE | H14: TRUE | I14: TRUE | K14: =B14 -> 7 hours sleep | L14: TRUE | M14: TRUE | N14: TRUE | O14: TRUE | P14: TRUE | Q14: TRUE | R14: TRUE | T14: Recycling | U14: TRUE | V14: TRUE | Y14: =K11 -> Review Budget/Goals | Z14: FALSE | AA14: TRUE | AB14: TRUE | AC14: FALSE | AD14: TRUE | AE14: FALSE | AF14: TRUE
B15: Clean (~20 min) | C15: FALSE | D15: FALSE | E15: TRUE | F15: FALSE | G15: TRUE | H15: TRUE | I15: TRUE | K15: =B15 -> Clean (~20 min) | L15: FALSE | M15: FALSE | N15: FALSE | O15: FALSE | P15: TRUE | Q15: TRUE | R15: TRUE | T15: Trash | U15: TRUE | V15: TRUE | Y15: =K12 -> (2x)Brush+(1x)Floss | Z15: FALSE | AA15: FALSE | AB15: TRUE | AC15: TRUE | AD15: FALSE | AE15: TRUE | AF15: TRUE
B16: Read (~20 min) | C16: FALSE | D16: TRUE | E16: TRUE | F16: TRUE | G16: TRUE | H16: FALSE | I16: FALSE | K16: =B16 -> Read (~20 min) | L16: TRUE | M16: TRUE | N16: TRUE | O16: TRUE | P16: FALSE | Q16: FALSE | R16: FALSE | T16: Shave/Trim | U16: TRUE | V16: FALSE | Y16: =K13 -> Water (3L) | Z16: FALSE | AA16: FALSE | AB16: FALSE | AC16: FALSE | AD16: FALSE | AE16: FALSE | AF16: FALSE
B17: Vitamins | C17: FALSE | D17: TRUE | E17: TRUE | F17: TRUE | G17: FALSE | H17: FALSE | I17: TRUE | K17: =B17 -> Vitamins | L17: TRUE | M17: FALSE | N17: TRUE | O17: FALSE | P17: FALSE | Q17: FALSE | R17: FALSE | T17: Water Plants | U17: FALSE | V17: TRUE | Y17: =K14 -> 7 hours sleep | Z17: TRUE | AA17: TRUE | AB17: TRUE | AC17: TRUE | AD17: TRUE | AE17: FALSE | AF17: TRUE
B18: Duolingo | C18: TRUE | D18: TRUE | E18: TRUE | F18: FALSE | G18: TRUE | H18: FALSE | I18: FALSE | K18: =B18 -> Duolingo | L18: FALSE | M18: FALSE | N18: TRUE | O18: FALSE | P18: FALSE | Q18: FALSE | R18: FALSE | T18: Weekend Exercise | U18: FALSE | V18: FALSE | Y18: =K15 -> Clean (~20 min) | Z18: FALSE | AA18: FALSE | AB18: FALSE | AC18: FALSE | AD18: TRUE | AE18: FALSE | AF18: TRUE
B19: Total | C19: =COUNTIF(C7:C18,True)/COUNTA(C7:C18) -> 0.25 | D19: =COUNTIF(D7:D18,True)/COUNTA(D7:D18) -> 0.66666667 | E19: =COUNTIF(E7:E18,True)/COUNTA(E7:E18) -> 0.75 | F19: =COUNTIF(F7:F18,True)/COUNTA(F7:F18) -> 0.66666667 | G19: =COUNTIF(G7:G18,True)/COUNTA(G7:G18) -> 0.75 | H19: =COUNTIF(H7:H18,True)/COUNTA(H7:H18) -> 0.41666667 | I19: =COUNTIF(I7:I18,True)/COUNTA(I7:I18) -> 0.5 | K19: Total | L19: =COUNTIF(L7:L18,True)/COUNTA(L7:L18) -> 0.75 | M19: =COUNTIF(M7:M18,True)/COUNTA(M7:M18) -> 0.41666667 | N19: =COUNTIF(N7:N18,True)/COUNTA(N7:N18) -> 0.83333333 | O19: =COUNTIF(O7:O18,True)/COUNTA(O7:O18) -> 0.41666667 | P19: =COUNTIF(P7:P18,True)/COUNTA(P7:P18) -> 0.41666667 | Q19: =COUNTIF(Q7:Q18,True)/COUNTA(Q7:Q18) -> 0.25 | R19: =COUNTIF(R7:R18,True)/COUNTA(R7:R18) -> 0.33333333 | T19: Total | U19: =COUNTIF(U9:U18,True)/COUNTA(U9:U18) -> 0.7 | V19: =COUNTIF(V9:V18,True)/COUNTA(V9:V18) -> 0.5 | Y19: =K16 -> Read (~20 min) | Z19: TRUE | AA19: FALSE | AB19: TRUE | AC19: TRUE | AD19: FALSE | AE19: FALSE | AF19: FALSE
B20: Progress bar | C20: =IFERROR(__xludf.DUMMYFUNCTION("SPARKLINE(C19,{""charttype"",""bar"";""max"",1;""min"",0;""color1"",IF(C19>0.7,""green"",IF(C19>0.5,""yellow"",""red""))})"),"") | D20: =IFERROR(__xludf.DUMMYFUNCTION("SPARKLINE(D19,{""charttype"",""bar"";""max"",1;""min"",0;""color1"",IF(D19>0.7,""green"",IF(D19>0.5,""yellow"",""red""))})"),"") | E20: =IFERROR(__xludf.DUMMYFUNCTION("SPARKLINE(E19,{""charttype"",""bar"";""max"",1;""min"",0;""color1"",IF(E19>0.7,""green"",IF(E19>0.5,""yellow"",""red""))})"),"") | F20: =IFERROR(__xludf.DUMMYFUNCTION("SPARKLINE(F19,{""charttype"",""bar"";""max"",1;""min"",0;""color1"",IF(F19>0.7,""green"",IF(F19>0.5,""yellow"",""red""))})"),"") | G20: =IFERROR(__xludf.DUMMYFUNCTION("SPARKLINE(G19,{""charttype"",""bar"";""max"",1;""min"",0;""color1"",IF(G19>0.7,""green"",IF(G19>0.5,""yellow"",""red""))})"),"") | H20: =IFERROR(__xludf.DUMMYFUNCTION("SPARKLINE(H19,{""charttype"",""bar"";""max"",1;""min"",0;""color1"",IF(H19>0.7,""green"",IF(H19>0.5,""yellow"",""red""))})"),"") | I20: =IFERROR(__xludf.DUMMYFUNCTION("SPARKLINE(I19,{""charttype"",""bar"";""max"",1;""min"",0;""color1"",IF(I19>0.7,""green"",IF(I19>0.5,""yellow"",""red""))})"),"") | K20: Progress bar | L20: =IFERROR(__xludf.DUMMYFUNCTION("SPARKLINE(L19,{""charttype"",""bar"";""max"",1;""min"",0;""color1"",IF(L19>0.7,""green"",IF(L19>0.5,""yellow"",""red""))})"),"") | M20: =IFERROR(__xludf.DUMMYFUNCTION("SPARKLINE(M19,{""charttype"",""bar"";""max"",1;""min"",0;""color1"",IF(M19>0.7,""green"",IF(M19>0.5,""yellow"",""red""))})"),"") | N20: =IFERROR(__xludf.DUMMYFUNCTION("SPARKLINE(N19,{""charttype"",""bar"";""max"",1;""min"",0;""color1"",IF(N19>0.7,""green"",IF(N19>0.5,""yellow"",""red""))})"),"") | O20: =IFERROR(__xludf.DUMMYFUNCTION("SPARKLINE(O19,{""charttype"",""bar"";""max"",1;""min"",0;""color1"",IF(O19>0.7,""green"",IF(O19>0.5,""yellow"",""red""))})"),"") | P20: =IFERROR(__xludf.DUMMYFUNCTION("SPARKLINE(P19,{""charttype"",""bar"";""max"",1;""min"",0;""color1"",IF(P19>0.7,""green"",IF(P19>0.5,""yellow"",""red""))})"),"") | Q20: =IFERROR(__xludf.DUMMYFUNCTION("SPARKLINE(Q19,{""charttype"",""bar"";""max"",1;""min"",0;""color1"",IF(Q19>0.7,""green"",IF(Q19>0.5,""yellow"",""red""))})"),"") | R20: =IFERROR(__xludf.DUMMYFUNCTION("SPARKLINE(R19,{""charttype"",""bar"";""max"",1;""min"",0;""color1"",IF(R19>0.7,""green"",IF(R19>0.5,""yellow"",""red""))})"),"") | U20: =IFERROR(__xludf.DUMMYFUNCTION("SPARKLINE(U19,{""charttype"",""bar"";""max"",1;""min"",0;""color1"",IF(U19>0.7,""green"",IF(U19>0.5,""yellow"",""red""))})"),"") | V20: =IFERROR(__xludf.DUMMYFUNCTION("SPARKLINE(V19,{""charttype"",""bar"";""max"",1;""min"",0;""color1"",IF(V19>0.7,""green"",IF(V19>0.5,""yellow"",""red""))})"),"") | Y20: =K17 -> Vitamins | Z20: FALSE | AA20: FALSE | AB20: TRUE | AC20: TRUE | AD20: FALSE | AE20: TRUE | AF20: TRUE
B21: Weekly progress bar | C21: =IFERROR(__xludf.DUMMYFUNCTION("SPARKLINE((SUM(C19:I19)+3*U19)/10,{""charttype"",""bar"";""max"",1;""min"",0;""color1"",IF((SUM(C19:I19)+3*U19)/10>0.7,""green"",IF((SUM(C19:I19)+3*U19)/10>0.5,""yellow"",""red""))})"),"") | K21: Weekly progress bar | L21: =IFERROR(__xludf.DUMMYFUNCTION("SPARKLINE((SUM(L19:R19)+3*V19)/10,{""charttype"",""bar"";""max"",1;""min"",0;""color1"",IF((SUM(L19:R19)+3*V19)/10>0.7,""green"",IF((SUM(L19:R19)+3*V19)/10>0.5,""yellow"",""red""))})"),"") | T21: Progress bar | U21: =IFERROR(__xludf.DUMMYFUNCTION("SPARKLINE((U19+V19)/2,{""charttype"",""bar"";""max"",1;""min"",0;""color1"",IF((U19+V19)/2>0.7,""green"",IF((U19+V19)/2>0.5,""yellow"",""red""))})"),"") | Y21: =K36 -> Duolingo | Z21: FALSE | AA21: FALSE | AB21: FALSE | AC21: FALSE | AD21: TRUE | AE21: FALSE | AF21: FALSE
Y22: Total | Z22: =COUNTIF(Z10:Z20,True)/COUNTA(Z10:Z20) -> 0.18181818 | AA22: =COUNTIF(AA10:AA20,True)/COUNTA(AA10:AA20) -> 0.18181818 | AB22: =COUNTIF(AB10:AB20,True)/COUNTA(AB10:AB20) -> 0.63636364 | AC22: =COUNTIF(AC10:AC20,True)/COUNTA(AC10:AC20) -> 0.45454545 | AD22: =COUNTIF(AD10:AD20,True)/COUNTA(AD10:AD20) -> 0.36363636 | AE22: =COUNTIF(AE10:AE20,True)/COUNTA(AE10:AE20) -> 0.27272727 | AF22: =COUNTIF(AF10:AF20,True)/COUNTA(AF10:AF20) -> 0.54545455
B23: Week 3 | C23: =R5+1 -> 45026 | D23: =C23+1 -> 45027 | E23: =D23+1 -> 45028 | F23: =E23+1 -> 45029 | G23: =F23+1 -> 45030 | H23: =G23+1 -> 45031 | I23: =H23+1 -> 45032 | K23: Week 4 | L23: =I23+1 -> 45033 | M23: =L23+1 -> 45034 | N23: =M23+1 -> 45035 | O23: =N23+1 -> 45036 | P23: =O23+1 -> 45037 | Q23: =P23+1 -> 45038 | R23: =Q23+1 -> 45039 | T23: Weekly Goals | U23: Week 3 | V23: Week 4 | W23: Bonus | Y23: Progress bar | Z23: =IFERROR(__xludf.DUMMYFUNCTION("SPARKLINE(Z22,{""charttype"",""bar"";""max"",1;""min"",0;""color1"",IF(Z22>0.7,""green"",IF(Z22>0.5,""yellow"",""red""))})"),"") | AA23: =IFERROR(__xludf.DUMMYFUNCTION("SPARKLINE(AA22,{""charttype"",""bar"";""max"",1;""min"",0;""color1"",IF(AA22>0.7,""green"",IF(AA22>0.5,""yellow"",""red""))})"),"") | AB23: =IFERROR(__xludf.DUMMYFUNCTION("SPARKLINE(AB22,{""charttype"",""bar"";""max"",1;""min"",0;""color1"",IF(AB22>0.7,""green"",IF(AB22>0.5,""yellow"",""red""))})"),"") | AC23: =IFERROR(__xludf.DUMMYFUNCTION("SPARKLINE(AC22,{""charttype"",""bar"";""max"",1;""min"",0;""color1"",IF(AC22>0.7,""green"",IF(AC22>0.5,""yellow"",""red""))})"),"") | AD23: =IFERROR(__xludf.DUMMYFUNCTION("SPARKLINE(AD22,{""charttype"",""bar"";""max"",1;""min"",0;""color1"",IF(AD22>0.7,""green"",IF(AD22>0.5,""yellow"",""red""))})"),"") | AE23: =IFERROR(__xludf.DUMMYFUNCTION("SPARKLINE(AE22,{""charttype"",""bar"";""max"",1;""min"",0;""color1"",IF(AE22>0.7,""green"",IF(AE22>0.5,""yellow"",""red""))})"),"") | AF23: =IFERROR(__xludf.DUMMYFUNCTION("SPARKLINE(AF22,{""charttype"",""bar"";""max"",1;""min"",0;""color1"",IF(AF22>0.7,""green"",IF(AF22>0.5,""yellow"",""red""))})"),"")
B24: Day | C24: =CHOOSE(WEEKDAY(C23,2),"Mon","Tue","Wed","Thu","Fri","Sat","Sun") -> Mon | D24: =CHOOSE(WEEKDAY(D23,2),"Mon","Tue","Wed","Thu","Fri","Sat","Sun") -> Tue | E24: =CHOOSE(WEEKDAY(E23,2),"Mon","Tue","Wed","Thu","Fri","Sat","Sun") -> Wed | F24: =CHOOSE(WEEKDAY(F23,2),"Mon","Tue","Wed","Thu","Fri","Sat","Sun") -> Thu | G24: =CHOOSE(WEEKDAY(G23,2),"Mon","Tue","Wed","Thu","Fri","Sat","Sun") -> Fri | H24: =CHOOSE(WEEKDAY(H23,2),"Mon","Tue","Wed","Thu","Fri","Sat","Sun") -> Sat | I24: =CHOOSE(WEEKDAY(I23,2),"Mon","Tue","Wed","Thu","Fri","Sat","Sun") -> Sun | K24: Day | L24: =CHOOSE(WEEKDAY(L23,2),"Mon","Tue","Wed","Thu","Fri","Sat","Sun") -> Mon | M24: =CHOOSE(WEEKDAY(M23,2),"Mon","Tue","Wed","Thu","Fri","Sat","Sun") -> Tue | N24: =CHOOSE(WEEKDAY(N23,2),"Mon","Tue","Wed","Thu","Fri","Sat","Sun") -> Wed | O24: =CHOOSE(WEEKDAY(O23,2),"Mon","Tue","Wed","Thu","Fri","Sat","Sun") -> Thu | P24: =CHOOSE(WEEKDAY(P23,2),"Mon","Tue","Wed","Thu","Fri","Sat","Sun") -> Fri | Q24: =CHOOSE(WEEKDAY(Q23,2),"Mon","Tue","Wed","Thu","Fri","Sat","Sun") -> Sat | R24: =CHOOSE(WEEKDAY(R23,2),"Mon","Tue","Wed","Thu","Fri","Sat","Sun") -> Sun | T24: Laundry | U24: TRUE | V24: TRUE | W24: TRUE | Y24: Weekly progress bar | Z24: =IFERROR(__xludf.DUMMYFUNCTION("SPARKLINE((SUM(Z22:AF22)+3*AR20)/10,{""charttype"",""bar"";""max"",1;""min"",0;""color1"",IF((SUM(Z22:AF22)+3*AR20)/10>0.7,""green"",IF((SUM(Z22:AF22)+3*AR20)/10>0.5,""yellow"",""red""))})"),"")
B25: =B7 -> Exercise | C25: FALSE | D25: FALSE | E25: TRUE | F25: TRUE | G25: FALSE | H25: FALSE | I25: FALSE | K25: =B7 -> Exercise | L25: TRUE | M25: FALSE | N25: FALSE | O25: FALSE | P25: FALSE | Q25: FALSE | R25: FALSE | T25: Cleaning | U25: TRUE | V25: TRUE | W25: FALSE
B26: =B8 -> Stretch/Yoga (>20min) | C26: FALSE | D26: FALSE | E26: FALSE | F26: FALSE | G26: FALSE | H26: FALSE | I26: TRUE | K26: =B8 -> Stretch/Yoga (>20min) | L26: FALSE | M26: FALSE | N26: FALSE | O26: FALSE | P26: FALSE | Q26: FALSE | R26: FALSE | T26: Grocery Shop | U26: TRUE | V26: TRUE | W26: FALSE | Y26: Monthly Goals
B27: =B9 -> Social Media (<limit) | C27: TRUE | D27: FALSE | E27: TRUE | F27: TRUE | G27: FALSE | H27: TRUE | I27: FALSE | K27: =B9 -> Social Media (<limit) | L27: FALSE | M27: FALSE | N27: FALSE | O27: TRUE | P27: TRUE | Q27: TRUE | R27: FALSE | T27: Meal Prep | U27: FALSE | V27: FALSE | W27: FALSE | Y27: Wash Sheets | Z27: TRUE
B28: =B10 -> Eat in | C28: TRUE | D28: TRUE | E28: FALSE | F28: FALSE | G28: TRUE | H28: TRUE | I28: FALSE | K28: =B10 -> Eat in | L28: FALSE | M28: FALSE | N28: TRUE | O28: FALSE | P28: FALSE | Q28: FALSE | R28: FALSE | T28: Website work (~2h) | U28: FALSE | V28: FALSE | W28: FALSE | Y28: Haircut | Z28: TRUE
B29: =B11 -> Review Budget/Goals | C29: FALSE | D29: FALSE | E29: TRUE | F29: FALSE | G29: TRUE | H29: TRUE | I29: TRUE | K29: =B11 -> Review Budget/Goals | L29: TRUE | M29: FALSE | N29: FALSE | O29: FALSE | P29: TRUE | Q29: FALSE | R29: FALSE | T29: Recycling | U29: TRUE | V29: FALSE | W29: TRUE | Y29: Savings Deposit | Z29: TRUE
B30: =B12 -> (2x)Brush+(1x)Floss | C30: FALSE | D30: TRUE | E30: FALSE | F30: FALSE | G30: FALSE | H30: FALSE | I30: FALSE | K30: =B12 -> (2x)Brush+(1x)Floss | L30: FALSE | M30: FALSE | N30: FALSE | O30: FALSE | P30: FALSE | Q30: FALSE | R30: FALSE | T30: Trash | U30: TRUE | V30: TRUE | W30: TRUE | Y30: Loan Payment | Z30: TRUE
B31: =B13 -> Water (3L) | C31: FALSE | D31: FALSE | E31: FALSE | F31: TRUE | G31: FALSE | H31: FALSE | I31: FALSE | K31: =B13 -> Water (3L) | L31: TRUE | M31: FALSE | N31: FALSE | O31: FALSE | P31: FALSE | Q31: FALSE | R31: FALSE | T31: Shave/Trim | U31: FALSE | V31: TRUE | W31: FALSE | Y31: Wash mats | Z31: TRUE
B32: =B14 -> 7 hours sleep | C32: TRUE | D32: TRUE | E32: TRUE | F32: TRUE | G32: TRUE | H32: TRUE | I32: TRUE | K32: =B14 -> 7 hours sleep | L32: TRUE | M32: TRUE | N32: FALSE | O32: FALSE | P32: TRUE | Q32: FALSE | R32: TRUE | T32: Water Plants | U32: TRUE | V32: TRUE | W32: TRUE | Y32: Total | Z32: =COUNTIF(Z27:Z31,True)/COUNTA(Z27:Z31) -> 1
B33: =B15 -> Clean (~20 min) | C33: FALSE | D33: FALSE | E33: FALSE | F33: FALSE | G33: TRUE | H33: TRUE | I33: TRUE | K33: =B15 -> Clean (~20 min) | L33: TRUE | M33: TRUE | N33: FALSE | O33: FALSE | P33: FALSE | Q33: FALSE | R33: FALSE | T33: Weekend Exercise | U33: FALSE | V33: FALSE | W33: FALSE | Y33: Progress bar | Z33: =IFERROR(__xludf.DUMMYFUNCTION("SPARKLINE(Z32,{""charttype"",""bar"";""max"",1;""min"",0;""color1"",IF(Z32>0.7,""green"",IF(Z32>0.5,""yellow"",""red""))})"),"")
B34: =B16 -> Read (~20 min) | C34: FALSE | D34: FALSE | E34: TRUE | F34: TRUE | G34: TRUE | H34: FALSE | I34: FALSE | K34: =B16 -> Read (~20 min) | L34: TRUE | M34: FALSE | N34: FALSE | O34: FALSE | P34: FALSE | Q34: FALSE | R34: FALSE | T34: Total | U34: =COUNTIF(U24:U33,True)/COUNTA(U24:U33) -> 0.6 | V34: =COUNTIF(V24:V33,True)/COUNTA(V24:V33) -> 0.6 | W34: =COUNTIF(W24:W33,True)/COUNTA(W24:W33) -> 0.4
B35: =B17 -> Vitamins | C35: FALSE | D35: TRUE | E35: FALSE | F35: FALSE | G35: TRUE | H35: FALSE | I35: FALSE | K35: =B17 -> Vitamins | L35: TRUE | M35: FALSE | N35: FALSE | O35: FALSE | P35: FALSE | Q35: FALSE | R35: FALSE | U35: =IFERROR(__xludf.DUMMYFUNCTION("SPARKLINE(U34,{""charttype"",""bar"";""max"",1;""min"",0;""color1"",IF(U34>0.7,""green"",IF(U34>0.5,""yellow"",""red""))})"),"") | V35: =IFERROR(__xludf.DUMMYFUNCTION("SPARKLINE(V34,{""charttype"",""bar"";""max"",1;""min"",0;""color1"",IF(V34>0.7,""green"",IF(V34>0.5,""yellow"",""red""))})"),"") | W35: =IFERROR(__xludf.DUMMYFUNCTION("SPARKLINE(W34,{""charttype"",""bar"";""max"",1;""min"",0;""color1"",IF(W34>0.7,""green"",IF(W34>0.5,""yellow"",""red""))})"),"")
B36: =B18 -> Duolingo | C36: FALSE | D36: TRUE | E36: FALSE | F36: FALSE | G36: FALSE | H36: TRUE | I36: FALSE | K36: =B36 -> Duolingo | L36: FALSE | M36: FALSE | N36: FALSE | O36: FALSE | P36: FALSE | Q36: FALSE | R36: FALSE | T36: Progress bar | U36: =IFERROR(__xludf.DUMMYFUNCTION("SPARKLINE((U34+V34+W34)/3,{""charttype"",""bar"";""max"",1;""min"",0;""color1"",IF((U34+V34+W34)/3>0.7,""green"",IF((U34+V34+W34)/3>0.5,""yellow"",""red""))})"),"")
B37: Total | C37: =COUNTIF(C25:C36,True)/COUNTA(C25:C36) -> 0.25 | D37: =COUNTIF(D25:D36,True)/COUNTA(D25:D36) -> 0.41666667 | E37: =COUNTIF(E25:E36,True)/COUNTA(E25:E36) -> 0.41666667 | F37: =COUNTIF(F25:F36,True)/COUNTA(F25:F36) -> 0.41666667 | G37: =COUNTIF(G25:G36,True)/COUNTA(G25:G36) -> 0.5 | H37: =COUNTIF(H25:H36,True)/COUNTA(H25:H36) -> 0.5 | I37: =COUNTIF(I25:I36,True)/COUNTA(I25:I36) -> 0.33333333 | K37: Total | L37: =COUNTIF(L25:L35,True)/COUNTA(L25:L35) -> 0.63636364 | M37: =COUNTIF(M25:M35,True)/COUNTA(M25:M35) -> 0.18181818 | N37: =COUNTIF(N25:N35,True)/COUNTA(N25:N35) -> 0.090909091 | O37: =COUNTIF(O25:O35,True)/COUNTA(O25:O35) -> 0.090909091 | P37: =COUNTIF(P25:P35,True)/COUNTA(P25:P35) -> 0.27272727 | Q37: =COUNTIF(Q25:Q35,True)/COUNTA(Q25:Q35) -> 0.090909091 | R37: =COUNTIF(R25:R35,True)/COUNTA(R25:R35) -> 0.090909091
B38: Progress bar | C38: =IFERROR(__xludf.DUMMYFUNCTION("SPARKLINE(C37,{""charttype"",""bar"";""max"",1;""min"",0;""color1"",IF(C37>0.7,""green"",IF(C37>0.5,""yellow"",""red""))})"),"") | D38: =IFERROR(__xludf.DUMMYFUNCTION("SPARKLINE(D37,{""charttype"",""bar"";""max"",1;""min"",0;""color1"",IF(D37>0.7,""green"",IF(D37>0.5,""yellow"",""red""))})"),"") | E38: =IFERROR(__xludf.DUMMYFUNCTION("SPARKLINE(E37,{""charttype"",""bar"";""max"",1;""min"",0;""color1"",IF(E37>0.7,""green"",IF(E37>0.5,""yellow"",""red""))})"),"") | F38: =IFERROR(__xludf.DUMMYFUNCTION("SPARKLINE(F37,{""charttype"",""bar"";""max"",1;""min"",0;""color1"",IF(F37>0.7,""green"",IF(F37>0.5,""yellow"",""red""))})"),"") | G38: =IFERROR(__xludf.DUMMYFUNCTION("SPARKLINE(G37,{""charttype"",""bar"";""max"",1;""min"",0;""color1"",IF(G37>0.7,""green"",IF(G37>0.5,""yellow"",""red""))})"),"") | H38: =IFERROR(__xludf.DUMMYFUNCTION("SPARKLINE(H37,{""charttype"",""bar"";""max"",1;""min"",0;""color1"",IF(H37>0.7,""green"",IF(H37>0.5,""yellow"",""red""))})"),"") | I38: =IFERROR(__xludf.DUMMYFUNCTION("SPARKLINE(I37,{""charttype"",""bar"";""max"",1;""min"",0;""color1"",IF(I37>0.7,""green"",IF(I37>0.5,""yellow"",""red""))})"),"") | K38: Progress bar | L38: =IFERROR(__xludf.DUMMYFUNCTION("SPARKLINE(L37,{""charttype"",""bar"";""max"",1;""min"",0;""color1"",IF(L37>0.7,""green"",IF(L37>0.5,""yellow"",""red""))})"),"") | M38: =IFERROR(__xludf.DUMMYFUNCTION("SPARKLINE(M37,{""charttype"",""bar"";""max"",1;""min"",0;""color1"",IF(M37>0.7,""green"",IF(M37>0.5,""yellow"",""red""))})"),"") | N38: =IFERROR(__xludf.DUMMYFUNCTION("SPARKLINE(N37,{""charttype"",""bar"";""max"",1;""min"",0;""color1"",IF(N37>0.7,""green"",IF(N37>0.5,""yellow"",""red""))})"),"") | O38: =IFERROR(__xludf.DUMMYFUNCTION("SPARKLINE(O37,{""charttype"",""bar"";""max"",1;""min"",0;""color1"",IF(O37>0.7,""green"",IF(O37>0.5,""yellow"",""red""))})"),"") | P38: =IFERROR(__xludf.DUMMYFUNCTION("SPARKLINE(P37,{""charttype"",""bar"";""max"",1;""min"",0;""color1"",IF(P37>0.7,""green"",IF(P37>0.5,""yellow"",""red""))})"),"") | Q38: =IFERROR(__xludf.DUMMYFUNCTION("SPARKLINE(Q37,{""charttype"",""bar"";""max"",1;""min"",0;""color1"",IF(Q37>0.7,""green"",IF(Q37>0.5,""yellow"",""red""))})"),"") | R38: =IFERROR(__xludf.DUMMYFUNCTION("SPARKLINE(R37,{""charttype"",""bar"";""max"",1;""min"",0;""color1"",IF(R37>0.7,""green"",IF(R37>0.5,""yellow"",""red""))})"),"")
B39: Weekly progress bar | C39: =IFERROR(__xludf.DUMMYFUNCTION("SPARKLINE((SUM(C37:I37)+3*AH20)/10,{""charttype"",""bar"";""max"",1;""min"",0;""color1"",IF((SUM(C37:I37)+3*AH20)/10>0.7,""green"",IF((SUM(C37:I37)+3*AH20)/10>0.5,""yellow"",""red""))})"),"") | K39: Weekly progress bar | L39: =IFERROR(__xludf.DUMMYFUNCTION("SPARKLINE((SUM(L37:R37)+3*AI20)/10,{""charttype"",""bar"";""max"",1;""min"",0;""color1"",IF((SUM(L37:R37)+3*AI20)/10>0.7,""green"",IF((SUM(L37:R37)+3*AI20)/10>0.5,""yellow"",""red""))})"),"")

Sheet May2023
D2: =IFERROR(__xludf.DUMMYFUNCTION("SPARKLINE((SUM(C19:I19)+3*SUM(U19:V19) + SUM(L19:R19) + SUM(C37:I37) + SUM(L37:R37) + 3*SUM(U34:V34)+ 5*SUM(Y22))/45,{""charttype"",""bar"";""max"",1;""min"",0;""color1"",IF((SUM(C19:I19)+3*SUM(U19:V19) + SUM(L19:R19) + SUM(C37:I37) + SUM(L37:R37) + 3*SUM"&"(U34:V34)+ 5*SUM(Y22))/45>0.7,""green"",IF((SUM(C19:I19)+3*SUM(U19:V19) + SUM(L19:R19) + SUM(C37:I37) + SUM(L37:R37) + 3*SUM(U34:V34)+ 5*SUM(Y22))/45>0.5,""yellow"",""red""))})"),"")
B3: 45047
B5: Week 1 | C5: =April2023!AF8+1 -> 45047 | D5: =C5+1 -> 45048 | E5: =D5+1 -> 45049 | F5: =E5+1 -> 45050 | G5: =F5+1 -> 45051 | H5: =G5+1 -> 45052 | I5: =H5+1 -> 45053 | K5: Week 2 | L5: =I5+1 -> 45054 | M5: =L5+1 -> 45055 | N5: =M5+1 -> 45056 | O5: =N5+1 -> 45057 | P5: =O5+1 -> 45058 | Q5: =P5+1 -> 45059 | R5: =Q5+1 -> 45060
B6: Day | C6: =CHOOSE(WEEKDAY(C5,2),"Mon","Tue","Wed","Thu","Fri","Sat","Sun") -> Mon | D6: =CHOOSE(WEEKDAY(D5,2),"Mon","Tue","Wed","Thu","Fri","Sat","Sun") -> Tue | E6: =CHOOSE(WEEKDAY(E5,2),"Mon","Tue","Wed","Thu","Fri","Sat","Sun") -> Wed | F6: =CHOOSE(WEEKDAY(F5,2),"Mon","Tue","Wed","Thu","Fri","Sat","Sun") -> Thu | G6: =CHOOSE(WEEKDAY(G5,2),"Mon","Tue","Wed","Thu","Fri","Sat","Sun") -> Fri | H6: =CHOOSE(WEEKDAY(H5,2),"Mon","Tue","Wed","Thu","Fri","Sat","Sun") -> Sat | I6: =CHOOSE(WEEKDAY(I5,2),"Mon","Tue","Wed","Thu","Fri","Sat","Sun") -> Sun | K6: Day | L6: =CHOOSE(WEEKDAY(L5,2),"Mon","Tue","Wed","Thu","Fri","Sat","Sun") -> Mon | M6: =CHOOSE(WEEKDAY(M5,2),"Mon","Tue","Wed","Thu","Fri","Sat","Sun") -> Tue | N6: =CHOOSE(WEEKDAY(N5,2),"Mon","Tue","Wed","Thu","Fri","Sat","Sun") -> Wed | O6: =CHOOSE(WEEKDAY(O5,2),"Mon","Tue","Wed","Thu","Fri","Sat","Sun") -> Thu | P6: =CHOOSE(WEEKDAY(P5,2),"Mon","Tue","Wed","Thu","Fri","Sat","Sun") -> Fri | Q6: =CHOOSE(WEEKDAY(Q5,2),"Mon","Tue","Wed","Thu","Fri","Sat","Sun") -> Sat | R6: =CHOOSE(WEEKDAY(R5,2),"Mon","Tue","Wed","Thu","Fri","Sat","Sun") -> Sun
B7: Exercise | C7: FALSE | D7: TRUE | E7: FALSE | F7: FALSE | G7: FALSE | H7: FALSE | I7: FALSE | K7: =B7 -> Exercise | L7: FALSE | M7: FALSE | N7: FALSE | O7: FALSE | P7: FALSE | Q7: FALSE | R7: FALSE | X7: =(SUM(C19:I19)+3*SUM(U19:V19) + SUM(L19:R19) + SUM(C37:I37) + SUM(L37:R37) + 3*SUM(U34:V34) + 5*SUM(Y22))/45 -> 0.5503367
B8: Stretch/Yoga (>20min) | C8: FALSE | D8: FALSE | E8: FALSE | F8: FALSE | G8: FALSE | H8: FALSE | I8: FALSE | K8: =B8 -> Stretch/Yoga (>20min) | L8: FALSE | M8: FALSE | N8: FALSE | O8: FALSE | P8: FALSE | Q8: FALSE | R8: FALSE | T8: Weekly Goals | U8: Week 1 | V8: Week 2 | X8: {=COUNTIF(C7:I18,TRUE)+COUNTIF(L7:R18,TRUE)+COUNTIF(C25:I36,TRUE)+COUNTIF(L25:R36,TRUE)+3*(COUNTIF(U9:V18,TRUE)+COUNTIF(U24:V33,TRUE))+5*(COUNTIF(Y17:Y21,TRUE))} -> 242
B9: Social Media (<limit) | C9: FALSE | D9: TRUE | E9: TRUE | F9: TRUE | G9: FALSE | H9: FALSE | I9: FALSE | K9: =B9 -> Social Media (<limit) | L9: FALSE | M9: FALSE | N9: FALSE | O9: TRUE | P9: TRUE | Q9: FALSE | R9: TRUE | T9: Laundry | U9: TRUE | V9: TRUE | X9: =X8 + April2023!AB4 -> 1415
B10: Eat in | C10: FALSE | D10: FALSE | E10: FALSE | F10: FALSE | G10: FALSE | H10: FALSE | I10: FALSE | K10: =B10 -> Eat in | L10: FALSE | M10: FALSE | N10: TRUE | O10: FALSE | P10: TRUE | Q10: TRUE | R10: TRUE | T10: Cleaning | U10: TRUE | V10: TRUE
B11: Review Budget/Goals | C11: TRUE | D11: TRUE | E11: FALSE | F11: FALSE | G11: FALSE | H11: FALSE | I11: FALSE | K11: =B11 -> Review Budget/Goals | L11: FALSE | M11: FALSE | N11: FALSE | O11: TRUE | P11: FALSE | Q11: FALSE | R11: TRUE | T11: Grocery Shop | U11: FALSE | V11: TRUE
B12: (2x)Brush+(1x)Floss | C12: TRUE | D12: FALSE | E12: FALSE | F12: FALSE | G12: FALSE | H12: FALSE | I12: FALSE | K12: =B12 -> (2x)Brush+(1x)Floss | L12: FALSE | M12: FALSE | N12: FALSE | O12: FALSE | P12: FALSE | Q12: FALSE | R12: TRUE | T12: Meal Prep | U12: FALSE | V12: TRUE
B13: Water (3L) | C13: FALSE | D13: FALSE | E13: FALSE | F13: FALSE | G13: FALSE | H13: FALSE | I13: FALSE | K13: =B13 -> Water (3L) | L13: FALSE | M13: FALSE | N13: FALSE | O13: FALSE | P13: FALSE | Q13: FALSE | R13: FALSE | T13: Website work (~2h) | U13: FALSE | V13: FALSE
B14: 7 hours sleep | C14: TRUE | D14: TRUE | E14: FALSE | F14: FALSE | G14: FALSE | H14: FALSE | I14: TRUE | K14: =B14 -> 7 hours sleep | L14: FALSE | M14: FALSE | N14: FALSE | O14: TRUE | P14: TRUE | Q14: TRUE | R14: TRUE | T14: Recycling | U14: TRUE | V14: TRUE
B15: Clean (~20 min) | C15: TRUE | D15: FALSE | E15: FALSE | F15: FALSE | G15: FALSE | H15: FALSE | I15: FALSE | K15: =B15 -> Clean (~20 min) | L15: FALSE | M15: FALSE | N15: FALSE | O15: FALSE | P15: FALSE | Q15: FALSE | R15: TRUE | T15: Trash | U15: TRUE | V15: TRUE
B16: Read (~20 min) | C16: FALSE | D16: FALSE | E16: FALSE | F16: FALSE | G16: FALSE | H16: FALSE | I16: FALSE | K16: =B16 -> Read (~20 min) | L16: FALSE | M16: FALSE | N16: FALSE | O16: FALSE | P16: TRUE | Q16: FALSE | R16: FALSE | T16: Shave/Trim | U16: TRUE | V16: TRUE | X16: Monthly Goals
B17: Vitamins | C17: FALSE | D17: TRUE | E17: FALSE | F17: FALSE | G17: FALSE | H17: FALSE | I17: FALSE | K17: =B17 -> Vitamins | L17: FALSE | M17: FALSE | N17: FALSE | O17: FALSE | P17: TRUE | Q17: FALSE | R17: TRUE | T17: Water Plants | U17: TRUE | V17: FALSE | X17: Wash Sheets | Y17: TRUE
B18: Duolingo | C18: FALSE | D18: FALSE | E18: FALSE | F18: FALSE | G18: FALSE | H18: FALSE | I18: FALSE | K18: =B18 -> Duolingo | L18: FALSE | M18: FALSE | N18: FALSE | O18: FALSE | P18: FALSE | Q18: FALSE | R18: FALSE | T18: Weekend Exercise | U18: FALSE | V18: TRUE | X18: Haircut | Y18: TRUE
B19: Total | C19: =COUNTIF(C7:C18,True)/COUNTA(C7:C18) -> 0.33333333 | D19: =COUNTIF(D7:D18,True)/COUNTA(D7:D18) -> 0.41666667 | E19: =COUNTIF(E7:E18,True)/COUNTA(E7:E18) -> 0.083333333 | F19: =COUNTIF(F7:F18,True)/COUNTA(F7:F18) -> 0.083333333 | G19: =COUNTIF(G7:G18,True)/COUNTA(G7:G18) -> 0 | H19: =COUNTIF(H7:H18,True)/COUNTA(H7:H18) -> 0 | I19: =COUNTIF(I7:I18,True)/COUNTA(I7:I18) -> 0.083333333 | K19: Total | L19: =COUNTIF(L7:L18,True)/COUNTA(L7:L18) -> 0 | M19: =COUNTIF(M7:M18,True)/COUNTA(M7:M18) -> 0 | N19: =COUNTIF(N7:N18,True)/COUNTA(N7:N18) -> 0.083333333 | O19: =COUNTIF(O7:O18,True)/COUNTA(O7:O18) -> 0.25 | P19: =COUNTIF(P7:P18,True)/COUNTA(P7:P18) -> 0.41666667 | Q19: =COUNTIF(Q7:Q18,True)/COUNTA(Q7:Q18) -> 0.16666667 | R19: =COUNTIF(R7:R18,True)/COUNTA(R7:R18) -> 0.58333333 | T19: Total | U19: =COUNTIF(U9:U18,True)/COUNTA(U9:U18) -> 0.6 | V19: =COUNTIF(V9:V18,True)/COUNTA(V9:V18) -> 0.8 | X19: Savings Deposit | Y19: TRUE
B20: Progress bar | C20: =IFERROR(__xludf.DUMMYFUNCTION("SPARKLINE(C19,{""charttype"",""bar"";""max"",1;""min"",0;""color1"",IF(C19>0.7,""green"",IF(C19>0.5,""yellow"",""red""))})"),"") | D20: =IFERROR(__xludf.DUMMYFUNCTION("SPARKLINE(D19,{""charttype"",""bar"";""max"",1;""min"",0;""color1"",IF(D19>0.7,""green"",IF(D19>0.5,""yellow"",""red""))})"),"") | E20: =IFERROR(__xludf.DUMMYFUNCTION("SPARKLINE(E19,{""charttype"",""bar"";""max"",1;""min"",0;""color1"",IF(E19>0.7,""green"",IF(E19>0.5,""yellow"",""red""))})"),"") | F20: =IFERROR(__xludf.DUMMYFUNCTION("SPARKLINE(F19,{""charttype"",""bar"";""max"",1;""min"",0;""color1"",IF(F19>0.7,""green"",IF(F19>0.5,""yellow"",""red""))})"),"") | G20: =IFERROR(__xludf.DUMMYFUNCTION("SPARKLINE(G19,{""charttype"",""bar"";""max"",1;""min"",0;""color1"",IF(G19>0.7,""green"",IF(G19>0.5,""yellow"",""red""))})"),"") | H20: =IFERROR(__xludf.DUMMYFUNCTION("SPARKLINE(H19,{""charttype"",""bar"";""max"",1;""min"",0;""color1"",IF(H19>0.7,""green"",IF(H19>0.5,""yellow"",""red""))})"),"") | I20: =IFERROR(__xludf.DUMMYFUNCTION("SPARKLINE(I19,{""charttype"",""bar"";""max"",1;""min"",0;""color1"",IF(I19>0.7,""green"",IF(I19>0.5,""yellow"",""red""))})"),"") | K20: Progress bar | L20: =IFERROR(__xludf.DUMMYFUNCTION("SPARKLINE(L19,{""charttype"",""bar"";""max"",1;""min"",0;""color1"",IF(L19>0.7,""green"",IF(L19>0.5,""yellow"",""red""))})"),"") | M20: =IFERROR(__xludf.DUMMYFUNCTION("SPARKLINE(M19,{""charttype"",""bar"";""max"",1;""min"",0;""color1"",IF(M19>0.7,""green"",IF(M19>0.5,""yellow"",""red""))})"),"") | N20: =IFERROR(__xludf.DUMMYFUNCTION("SPARKLINE(N19,{""charttype"",""bar"";""max"",1;""min"",0;""color1"",IF(N19>0.7,""green"",IF(N19>0.5,""yellow"",""red""))})"),"") | O20: =IFERROR(__xludf.DUMMYFUNCTION("SPARKLINE(O19,{""charttype"",""bar"";""max"",1;""min"",0;""color1"",IF(O19>0.7,""green"",IF(O19>0.5,""yellow"",""red""))})"),"") | P20: =IFERROR(__xludf.DUMMYFUNCTION("SPARKLINE(P19,{""charttype"",""bar"";""max"",1;""min"",0;""color1"",IF(P19>0.7,""green"",IF(P19>0.5,""yellow"",""red""))})"),"") | Q20: =IFERROR(__xludf.DUMMYFUNCTION("SPARKLINE(Q19,{""charttype"",""bar"";""max"",1;""min"",0;""color1"",IF(Q19>0.7,""green"",IF(Q19>0.5,""yellow"",""red""))})"),"") | R20: =IFERROR(__xludf.DUMMYFUNCTION("SPARKLINE(R19,{""charttype"",""bar"";""max"",1;""min"",0;""color1"",IF(R19>0.7,""green"",IF(R19>0.5,""yellow"",""red""))})"),"") | U20: =IFERROR(__xludf.DUMMYFUNCTION("SPARKLINE(U19,{""charttype"",""bar"";""max"",1;""min"",0;""color1"",IF(U19>0.7,""green"",IF(U19>0.5,""yellow"",""red""))})"),"") | V20: =IFERROR(__xludf.DUMMYFUNCTION("SPARKLINE(V19,{""charttype"",""bar"";""max"",1;""min"",0;""color1"",IF(V19>0.7,""green"",IF(V19>0.5,""yellow"",""red""))})"),"") | X20: Loan Payment | Y20: TRUE
B21: Weekly progress bar | C21: =IFERROR(__xludf.DUMMYFUNCTION("SPARKLINE((SUM(C19:I19)+3*U19)/10,{""charttype"",""bar"";""max"",1;""min"",0;""color1"",IF((SUM(C19:I19)+3*U19)/10>0.7,""green"",IF((SUM(C19:I19)+3*U19)/10>0.5,""yellow"",""red""))})"),"") | K21: Weekly progress bar | L21: =IFERROR(__xludf.DUMMYFUNCTION("SPARKLINE((SUM(L19:R19)+3*V19)/10,{""charttype"",""bar"";""max"",1;""min"",0;""color1"",IF((SUM(L19:R19)+3*V19)/10>0.7,""green"",IF((SUM(L19:R19)+3*V19)/10>0.5,""yellow"",""red""))})"),"") | T21: Progress bar | U21: =IFERROR(__xludf.DUMMYFUNCTION("SPARKLINE((U19+V19)/2,{""charttype"",""bar"";""max"",1;""min"",0;""color1"",IF((U19+V19)/2>0.7,""green"",IF((U19+V19)/2>0.5,""yellow"",""red""))})"),"") | X21: Wash mats | Y21: TRUE
X22: Total | Y22: =COUNTIF(Y17:Y21,True)/COUNTA(Y17:Y21) -> 1
B23: Week 3 | C23: =R5+1 -> 45061 | D23: =C23+1 -> 45062 | E23: =D23+1 -> 45063 | F23: =E23+1 -> 45064 | G23: =F23+1 -> 45065 | H23: =G23+1 -> 45066 | I23: =H23+1 -> 45067 | K23: Week 4 | L23: =I23+1 -> 45068 | M23: =L23+1 -> 45069 | N23: =M23+1 -> 45070 | O23: =N23+1 -> 45071 | P23: =O23+1 -> 45072 | Q23: =P23+1 -> 45073 | R23: =Q23+1 -> 45074 | T23: Weekly Goals | U23: Week 3 | V23: Week 4 | X23: Progress bar | Y23: =IFERROR(__xludf.DUMMYFUNCTION("SPARKLINE(Y22,{""charttype"",""bar"";""max"",1;""min"",0;""color1"",IF(Y22>0.7,""green"",IF(Y22>0.5,""yellow"",""red""))})"),"")
B24: Day | C24: =CHOOSE(WEEKDAY(C23,2),"Mon","Tue","Wed","Thu","Fri","Sat","Sun") -> Mon | D24: =CHOOSE(WEEKDAY(D23,2),"Mon","Tue","Wed","Thu","Fri","Sat","Sun") -> Tue | E24: =CHOOSE(WEEKDAY(E23,2),"Mon","Tue","Wed","Thu","Fri","Sat","Sun") -> Wed | F24: =CHOOSE(WEEKDAY(F23,2),"Mon","Tue","Wed","Thu","Fri","Sat","Sun") -> Thu | G24: =CHOOSE(WEEKDAY(G23,2),"Mon","Tue","Wed","Thu","Fri","Sat","Sun") -> Fri | H24: =CHOOSE(WEEKDAY(H23,2),"Mon","Tue","Wed","Thu","Fri","Sat","Sun") -> Sat | I24: =CHOOSE(WEEKDAY(I23,2),"Mon","Tue","Wed","Thu","Fri","Sat","Sun") -> Sun | K24: Day | L24: =CHOOSE(WEEKDAY(L23,2),"Mon","Tue","Wed","Thu","Fri","Sat","Sun") -> Mon | M24: =CHOOSE(WEEKDAY(M23,2),"Mon","Tue","Wed","Thu","Fri","Sat","Sun") -> Tue | N24: =CHOOSE(WEEKDAY(N23,2),"Mon","Tue","Wed","Thu","Fri","Sat","Sun") -> Wed | O24: =CHOOSE(WEEKDAY(O23,2),"Mon","Tue","Wed","Thu","Fri","Sat","Sun") -> Thu | P24: =CHOOSE(WEEKDAY(P23,2),"Mon","Tue","Wed","Thu","Fri","Sat","Sun") -> Fri | Q24: =CHOOSE(WEEKDAY(Q23,2),"Mon","Tue","Wed","Thu","Fri","Sat","Sun") -> Sat | R24: =CHOOSE(WEEKDAY(R23,2),"Mon","Tue","Wed","Thu","Fri","Sat","Sun") -> Sun | T24: Laundry | U24: TRUE | V24: TRUE
B25: =B7 -> Exercise | C25: TRUE | D25: TRUE | E25: TRUE | F25: TRUE | G25: FALSE | H25: TRUE | I25: FALSE | K25: =B7 -> Exercise | L25: TRUE | M25: TRUE | N25: TRUE | O25: FALSE | P25: FALSE | Q25: TRUE | R25: FALSE | T25: Cleaning | U25: TRUE | V25: TRUE
B26: =B8 -> Stretch/Yoga (>20min) | C26: FALSE | D26: FALSE | E26: FALSE | F26: FALSE | G26: FALSE | H26: FALSE | I26: FALSE | K26: =B8 -> Stretch/Yoga (>20min) | L26: FALSE | M26: FALSE | N26: FALSE | O26: FALSE | P26: FALSE | Q26: FALSE | R26: FALSE | T26: Grocery Shop | U26: TRUE | V26: TRUE
B27: =B9 -> Social Media (<limit) | C27: TRUE | D27: TRUE | E27: TRUE | F27: TRUE | G27: TRUE | H27: FALSE | I27: FALSE | K27: =B9 -> Social Media (<limit) | L27: TRUE | M27: TRUE | N27: TRUE | O27: TRUE | P27: TRUE | Q27: TRUE | R27: TRUE | T27: Meal Prep | U27: TRUE | V27: TRUE
B28: =B10 -> Eat in | C28: TRUE | D28: TRUE | E28: TRUE | F28: FALSE | G28: TRUE | H28: TRUE | I28: FALSE | K28: =B10 -> Eat in | L28: TRUE | M28: TRUE | N28: TRUE | O28: FALSE | P28: TRUE | Q28: FALSE | R28: TRUE | T28: Website work (~2h) | U28: FALSE | V28: FALSE
B29: =B11 -> Review Budget/Goals | C29: TRUE | D29: TRUE | E29: TRUE | F29: TRUE | G29: TRUE | H29: TRUE | I29: TRUE | K29: =B11 -> Review Budget/Goals | L29: TRUE | M29: TRUE | N29: TRUE | O29: FALSE | P29: TRUE | Q29: FALSE | R29: TRUE | T29: Recycling | U29: TRUE | V29: TRUE
B30: =B12 -> (2x)Brush+(1x)Floss | C30: TRUE | D30: TRUE | E30: TRUE | F30: FALSE | G30: FALSE | H30: FALSE | I30: FALSE | K30: =B12 -> (2x)Brush+(1x)Floss | L30: TRUE | M30: TRUE | N30: TRUE | O30: FALSE | P30: FALSE | Q30: FALSE | R30: FALSE | T30: Trash | U30: TRUE | V30: TRUE
B31: =B13 -> Water (3L) | C31: TRUE | D31: TRUE | E31: TRUE | F31: FALSE | G31: FALSE | H31: FALSE | I31: FALSE | K31: =B13 -> Water (3L) | L31: TRUE | M31: TRUE | N31: TRUE | O31: TRUE | P31: TRUE | Q31: FALSE | R31: TRUE | T31: Shave/Trim | U31: TRUE | V31: FALSE
B32: =B14 -> 7 hours sleep | C32: TRUE | D32: TRUE | E32: FALSE | F32: FALSE | G32: TRUE | H32: FALSE | I32: FALSE | K32: =B14 -> 7 hours sleep | L32: FALSE | M32: FALSE | N32: FALSE | O32: FALSE | P32: FALSE | Q32: TRUE | R32: TRUE | T32: Water Plants | U32: TRUE | V32: FALSE
B33: =B15 -> Clean (~20 min) | C33: TRUE | D33: TRUE | E33: TRUE | F33: FALSE | G33: TRUE | H33: FALSE | I33: TRUE | K33: =B15 -> Clean (~20 min) | L33: TRUE | M33: TRUE | N33: FALSE | O33: FALSE | P33: TRUE | Q33: TRUE | R33: TRUE | T33: Weekend Exercise | U33: TRUE | V33: TRUE
B34: =B16 -> Read (~20 min) | C34: TRUE | D34: TRUE | E34: TRUE | F34: FALSE | G34: TRUE | H34: FALSE | I34: TRUE | K34: =B16 -> Read (~20 min) | L34: TRUE | M34: TRUE | N34: TRUE | O34: TRUE | P34: TRUE | Q34: FALSE | R34: FALSE | T34: Total | U34: =COUNTIF(U24:U33,True)/COUNTA(U24:U33) -> 0.9 | V34: =COUNTIF(V24:V33,True)/COUNTA(V24:V33) -> 0.7
B35: =B17 -> Vitamins | C35: TRUE | D35: TRUE | E35: TRUE | F35: FALSE | G35: TRUE | H35: FALSE | I35: TRUE | K35: =B17 -> Vitamins | L35: TRUE | M35: TRUE | N35: TRUE | O35: FALSE | P35: FALSE | Q35: FALSE | R35: TRUE | U35: =IFERROR(__xludf.DUMMYFUNCTION("SPARKLINE(U34,{""charttype"",""bar"";""max"",1;""min"",0;""color1"",IF(U34>0.7,""green"",IF(U34>0.5,""yellow"",""red""))})"),"") | V35: =IFERROR(__xludf.DUMMYFUNCTION("SPARKLINE(V34,{""charttype"",""bar"";""max"",1;""min"",0;""color1"",IF(V34>0.7,""green"",IF(V34>0.5,""yellow"",""red""))})"),"")
B36: =B18 -> Duolingo | C36: TRUE | D36: TRUE | E36: TRUE | F36: FALSE | G36: FALSE | H36: FALSE | I36: FALSE | K36: =B36 -> Duolingo | L36: TRUE | M36: TRUE | N36: FALSE | O36: FALSE | P36: FALSE | Q36: FALSE | R36: FALSE | T36: Progress bar | U36: =IFERROR(__xludf.DUMMYFUNCTION("SPARKLINE((U34+V34)/2,{""charttype"",""bar"";""max"",1;""min"",0;""color1"",IF((U34+V34)/2>0.7,""green"",IF((U34+V34)/2>0.5,""yellow"",""red""))})"),"")
B37: Total | C37: =COUNTIF(C25:C36,True)/COUNTA(C25:C36) -> 0.91666667 | D37: =COUNTIF(D25:D36,True)/COUNTA(D25:D36) -> 0.91666667 | E37: =COUNTIF(E25:E36,True)/COUNTA(E25:E36) -> 0.83333333 | F37: =COUNTIF(F25:F36,True)/COUNTA(F25:F36) -> 0.25 | G37: =COUNTIF(G25:G36,True)/COUNTA(G25:G36) -> 0.58333333 | H37: =COUNTIF(H25:H36,True)/COUNTA(H25:H36) -> 0.25 | I37: =COUNTIF(I25:I36,True)/COUNTA(I25:I36) -> 0.33333333 | K37: Total | L37: =COUNTIF(L25:L35,True)/COUNTA(L25:L35) -> 0.81818182 | M37: =COUNTIF(M25:M35,True)/COUNTA(M25:M35) -> 0.81818182 | N37: =COUNTIF(N25:N35,True)/COUNTA(N25:N35) -> 0.72727273 | O37: =COUNTIF(O25:O35,True)/COUNTA(O25:O35) -> 0.27272727 | P37: =COUNTIF(P25:P35,True)/COUNTA(P25:P35) -> 0.54545455 | Q37: =COUNTIF(Q25:Q35,True)/COUNTA(Q25:Q35) -> 0.36363636 | R37: =COUNTIF(R25:R35,True)/COUNTA(R25:R35) -> 0.63636364
B38: Progress bar | C38: =IFERROR(__xludf.DUMMYFUNCTION("SPARKLINE(C37,{""charttype"",""bar"";""max"",1;""min"",0;""color1"",IF(C37>0.7,""green"",IF(C37>0.5,""yellow"",""red""))})"),"") | D38: =IFERROR(__xludf.DUMMYFUNCTION("SPARKLINE(D37,{""charttype"",""bar"";""max"",1;""min"",0;""color1"",IF(D37>0.7,""green"",IF(D37>0.5,""yellow"",""red""))})"),"") | E38: =IFERROR(__xludf.DUMMYFUNCTION("SPARKLINE(E37,{""charttype"",""bar"";""max"",1;""min"",0;""color1"",IF(E37>0.7,""green"",IF(E37>0.5,""yellow"",""red""))})"),"") | F38: =IFERROR(__xludf.DUMMYFUNCTION("SPARKLINE(F37,{""charttype"",""bar"";""max"",1;""min"",0;""color1"",IF(F37>0.7,""green"",IF(F37>0.5,""yellow"",""red""))})"),"") | G38: =IFERROR(__xludf.DUMMYFUNCTION("SPARKLINE(G37,{""charttype"",""bar"";""max"",1;""min"",0;""color1"",IF(G37>0.7,""green"",IF(G37>0.5,""yellow"",""red""))})"),"") | H38: =IFERROR(__xludf.DUMMYFUNCTION("SPARKLINE(H37,{""charttype"",""bar"";""max"",1;""min"",0;""color1"",IF(H37>0.7,""green"",IF(H37>0.5,""yellow"",""red""))})"),"") | I38: =IFERROR(__xludf.DUMMYFUNCTION("SPARKLINE(I37,{""charttype"",""bar"";""max"",1;""min"",0;""color1"",IF(I37>0.7,""green"",IF(I37>0.5,""yellow"",""red""))})"),"") | K38: Progress bar | L38: =IFERROR(__xludf.DUMMYFUNCTION("SPARKLINE(L37,{""charttype"",""bar"";""max"",1;""min"",0;""color1"",IF(L37>0.7,""green"",IF(L37>0.5,""yellow"",""red""))})"),"") | M38: =IFERROR(__xludf.DUMMYFUNCTION("SPARKLINE(M37,{""charttype"",""bar"";""max"",1;""min"",0;""color1"",IF(M37>0.7,""green"",IF(M37>0.5,""yellow"",""red""))})"),"") | N38: =IFERROR(__xludf.DUMMYFUNCTION("SPARKLINE(N37,{""charttype"",""bar"";""max"",1;""min"",0;""color1"",IF(N37>0.7,""green"",IF(N37>0.5,""yellow"",""red""))})"),"") | O38: =IFERROR(__xludf.DUMMYFUNCTION("SPARKLINE(O37,{""charttype"",""bar"";""max"",1;""min"",0;""color1"",IF(O37>0.7,""green"",IF(O37>0.5,""yellow"",""red""))})"),"") | P38: =IFERROR(__xludf.DUMMYFUNCTION("SPARKLINE(P37,{""charttype"",""bar"";""max"",1;""min"",0;""color1"",IF(P37>0.7,""green"",IF(P37>0.5,""yellow"",""red""))})"),"") | Q38: =IFERROR(__xludf.DUMMYFUNCTION("SPARKLINE(Q37,{""charttype"",""bar"";""max"",1;""min"",0;""color1"",IF(Q37>0.7,""green"",IF(Q37>0.5,""yellow"",""red""))})"),"") | R38: =IFERROR(__xludf.DUMMYFUNCTION("SPARKLINE(R37,{""charttype"",""bar"";""max"",1;""min"",0;""color1"",IF(R37>0.7,""green"",IF(R37>0.5,""yellow"",""red""))})"),"")
B39: Weekly progress bar | C39: =IFERROR(__xludf.DUMMYFUNCTION("SPARKLINE((SUM(C37:I37)+3*U34)/10,{""charttype"",""bar"";""max"",1;""min"",0;""color1"",IF((SUM(C37:I37)+3*U34)/10>0.7,""green"",IF((SUM(C37:I37)+3*U34)/10>0.5,""yellow"",""red""))})"),"") | K39: Weekly progress bar | L39: =IFERROR(__xludf.DUMMYFUNCTION("SPARKLINE((SUM(L37:R37)+3*V34)/10,{""charttype"",""bar"";""max"",1;""min"",0;""color1"",IF((SUM(L37:R37)+3*V34)/10>0.7,""green"",IF((SUM(L37:R37)+3*V34)/10>0.5,""yellow"",""red""))})"),"")

Sheet June2023
D2: =IFERROR(__xludf.DUMMYFUNCTION("SPARKLINE((SUM(C19:I19)+3*SUM(U19:V19) + SUM(L19:R19) + SUM(C37:I37) + SUM(L37:R37) + 3*SUM(U34:V34)+ 5*SUM(Y22))/45,{""charttype"",""bar"";""max"",1;""min"",0;""color1"",IF((SUM(C19:I19)+3*SUM(U19:V19) + SUM(L19:R19) + SUM(C37:I37) + SUM(L37:R37) + 3*SUM"&"(U34:V34)+ 5*SUM(Y22))/45>0.7,""green"",IF((SUM(C19:I19)+3*SUM(U19:V19) + SUM(L19:R19) + SUM(C37:I37) + SUM(L37:R37) + 3*SUM(U34:V34)+ 5*SUM(Y22))/45>0.5,""yellow"",""red""))})"),"")
B3: 45078
B5: Week 1 | C5: ='May2023'!R23+1 -> 45075 | D5: =C5+1 -> 45076 | E5: =D5+1 -> 45077 | F5: =E5+1 -> 45078 | G5: =F5+1 -> 45079 | H5: =G5+1 -> 45080 | I5: =H5+1 -> 45081 | K5: Week 2 | L5: =I5+1 -> 45082 | M5: =L5+1 -> 45083 | N5: =M5+1 -> 45084 | O5: =N5+1 -> 45085 | P5: =O5+1 -> 45086 | Q5: =P5+1 -> 45087 | R5: =Q5+1 -> 45088
B6: Day | C6: =CHOOSE(WEEKDAY(C5,2),"Mon","Tue","Wed","Thu","Fri","Sat","Sun") -> Mon | D6: =CHOOSE(WEEKDAY(D5,2),"Mon","Tue","Wed","Thu","Fri","Sat","Sun") -> Tue | E6: =CHOOSE(WEEKDAY(E5,2),"Mon","Tue","Wed","Thu","Fri","Sat","Sun") -> Wed | F6: =CHOOSE(WEEKDAY(F5,2),"Mon","Tue","Wed","Thu","Fri","Sat","Sun") -> Thu | G6: =CHOOSE(WEEKDAY(G5,2),"Mon","Tue","Wed","Thu","Fri","Sat","Sun") -> Fri | H6: =CHOOSE(WEEKDAY(H5,2),"Mon","Tue","Wed","Thu","Fri","Sat","Sun") -> Sat | I6: =CHOOSE(WEEKDAY(I5,2),"Mon","Tue","Wed","Thu","Fri","Sat","Sun") -> Sun | K6: Day | L6: =CHOOSE(WEEKDAY(L5,2),"Mon","Tue","Wed","Thu","Fri","Sat","Sun") -> Mon | M6: =CHOOSE(WEEKDAY(M5,2),"Mon","Tue","Wed","Thu","Fri","Sat","Sun") -> Tue | N6: =CHOOSE(WEEKDAY(N5,2),"Mon","Tue","Wed","Thu","Fri","Sat","Sun") -> Wed | O6: =CHOOSE(WEEKDAY(O5,2),"Mon","Tue","Wed","Thu","Fri","Sat","Sun") -> Thu | P6: =CHOOSE(WEEKDAY(P5,2),"Mon","Tue","Wed","Thu","Fri","Sat","Sun") -> Fri | Q6: =CHOOSE(WEEKDAY(Q5,2),"Mon","Tue","Wed","Thu","Fri","Sat","Sun") -> Sat | R6: =CHOOSE(WEEKDAY(R5,2),"Mon","Tue","Wed","Thu","Fri","Sat","Sun") -> Sun
B7: Exercise | C7: TRUE | D7: FALSE | E7: FALSE | F7: FALSE | G7: FALSE | H7: FALSE | I7: TRUE | K7: =B7 -> Exercise | L7: TRUE | M7: TRUE | N7: TRUE | O7: FALSE | P7: FALSE | Q7: TRUE | R7: TRUE | X7: =(SUM(C19:I19)+3*SUM(U19:V19) + SUM(L19:R19) + SUM(C37:I37) + SUM(L37:R37) + 3*SUM(U34:V34) + 5*SUM(Y22))/45 -> 0.50151515
B8: Stretch/Yoga (>20min) | C8: TRUE | D8: FALSE | E8: FALSE | F8: FALSE | G8: FALSE | H8: FALSE | I8: TRUE | K8: =B8 -> Stretch/Yoga (>20min) | L8: FALSE | M8: FALSE | N8: FALSE | O8: FALSE | P8: FALSE | Q8: FALSE | R8: FALSE | T8: Weekly Goals | U8: Week 1 | V8: Week 2 | X8: {=COUNTIF(C7:I18,TRUE)+COUNTIF(L7:R18,TRUE)+COUNTIF(C25:I36,TRUE)+COUNTIF(L25:R36,TRUE)+3*(COUNTIF(U9:V18,TRUE)+COUNTIF(U24:V33,TRUE))+5*(COUNTIF(Y17:Y21,TRUE))} -> 232
B9: Social Media (<limit) | C9: FALSE | D9: TRUE | E9: TRUE | F9: TRUE | G9: TRUE | H9: TRUE | I9: TRUE | K9: =B9 -> Social Media (<limit) | L9: TRUE | M9: TRUE | N9: TRUE | O9: TRUE | P9: TRUE | Q9: FALSE | R9: TRUE | T9: Laundry | U9: TRUE | V9: FALSE | X9: =X8 + 'May2023'!X9 -> 1647
B10: Eat in | C10: FALSE | D10: TRUE | E10: TRUE | F10: FALSE | G10: TRUE | H10: FALSE | I10: FALSE | K10: =B10 -> Eat in | L10: TRUE | M10: TRUE | N10: TRUE | O10: TRUE | P10: TRUE | Q10: FALSE | R10: FALSE | T10: Cleaning | U10: TRUE | V10: TRUE
B11: Review Budget/Goals | C11: TRUE | D11: TRUE | E11: TRUE | F11: FALSE | G11: FALSE | H11: TRUE | I11: TRUE | K11: =B11 -> Review Budget/Goals | L11: TRUE | M11: TRUE | N11: TRUE | O11: FALSE | P11: FALSE | Q11: FALSE | R11: TRUE | T11: Grocery Shop | U11: TRUE | V11: TRUE
B12: (2x)Brush+(1x)Floss | C12: FALSE | D12: FALSE | E12: FALSE | F12: FALSE | G12: FALSE | H12: FALSE | I12: FALSE | K12: =B12 -> (2x)Brush+(1x)Floss | L12: TRUE | M12: TRUE | N12: FALSE | O12: FALSE | P12: FALSE | Q12: FALSE | R12: FALSE | T12: Meal Prep | U12: TRUE | V12: FALSE
B13: Water (3L) | C13: TRUE | D13: TRUE | E13: FALSE | F13: FALSE | G13: FALSE | H13: FALSE | I13: FALSE | K13: =B13 -> Water (3L) | L13: TRUE | M13: TRUE | N13: TRUE | O13: TRUE | P13: FALSE | Q13: TRUE | R13: FALSE | T13: Website work (~2h) | U13: FALSE | V13: FALSE
B14: 7 hours sleep | C14: TRUE | D14: TRUE | E14: FALSE | F14: TRUE | G14: TRUE | H14: TRUE | I14: FALSE | K14: =B14 -> 7 hours sleep | L14: FALSE | M14: TRUE | N14: TRUE | O14: TRUE | P14: TRUE | Q14: TRUE | R14: TRUE | T14: Recycling | U14: TRUE | V14: TRUE
B15: Clean (~20 min) | C15: FALSE | D15: FALSE | E15: FALSE | F15: TRUE | G15: FALSE | H15: TRUE | I15: TRUE | K15: =B15 -> Clean (~20 min) | L15: TRUE | M15: TRUE | N15: TRUE | O15: FALSE | P15: TRUE | Q15: TRUE | R15: FALSE | T15: Trash | U15: TRUE | V15: FALSE
B16: Read (~20 min) | C16: FALSE | D16: TRUE | E16: FALSE | F16: TRUE | G16: TRUE | H16: FALSE | I16: TRUE | K16: =B16 -> Read (~20 min) | L16: TRUE | M16: TRUE | N16: TRUE | O16: FALSE | P16: TRUE | Q16: FALSE | R16: FALSE | T16: Shave/Trim | U16: TRUE | V16: TRUE | X16: Monthly Goals
B17: Vitamins | C17: FALSE | D17: TRUE | E17: FALSE | F17: TRUE | G17: FALSE | H17: FALSE | I17: TRUE | K17: =B17 -> Vitamins | L17: TRUE | M17: TRUE | N17: FALSE | O17: FALSE | P17: FALSE | Q17: TRUE | R17: FALSE | T17: Water Plants | U17: TRUE | V17: FALSE | X17: Wash Sheets | Y17: TRUE
B18: Duolingo | C18: FALSE | D18: FALSE | E18: FALSE | F18: FALSE | G18: FALSE | H18: FALSE | I18: TRUE | K18: =B18 -> Duolingo | L18: TRUE | M18: TRUE | N18: TRUE | O18: FALSE | P18: FALSE | Q18: FALSE | R18: FALSE | T18: Weekend Exercise | U18: TRUE | V18: TRUE | X18: Haircut | Y18: FALSE
B19: Total | C19: =COUNTIF(C7:C18,True)/COUNTA(C7:C18) -> 0.41666667 | D19: =COUNTIF(D7:D18,True)/COUNTA(D7:D18) -> 0.58333333 | E19: =COUNTIF(E7:E18,True)/COUNTA(E7:E18) -> 0.25 | F19: =COUNTIF(F7:F18,True)/COUNTA(F7:F18) -> 0.41666667 | G19: =COUNTIF(G7:G18,True)/COUNTA(G7:G18) -> 0.33333333 | H19: =COUNTIF(H7:H18,True)/COUNTA(H7:H18) -> 0.33333333 | I19: =COUNTIF(I7:I18,True)/COUNTA(I7:I18) -> 0.66666667 | K19: Total | L19: =COUNTIF(L7:L18,True)/COUNTA(L7:L18) -> 0.83333333 | M19: =COUNTIF(M7:M18,True)/COUNTA(M7:M18) -> 0.91666667 | N19: =COUNTIF(N7:N18,True)/COUNTA(N7:N18) -> 0.75 | O19: =COUNTIF(O7:O18,True)/COUNTA(O7:O18) -> 0.33333333 | P19: =COUNTIF(P7:P18,True)/COUNTA(P7:P18) -> 0.41666667 | Q19: =COUNTIF(Q7:Q18,True)/COUNTA(Q7:Q18) -> 0.41666667 | R19: =COUNTIF(R7:R18,True)/COUNTA(R7:R18) -> 0.33333333 | T19: Total | U19: =COUNTIF(U9:U18,True)/COUNTA(U9:U18) -> 0.9 | V19: =COUNTIF(V9:V18,True)/COUNTA(V9:V18) -> 0.5 | X19: Savings Deposit | Y19: TRUE
B20: Progress bar | C20: =IFERROR(__xludf.DUMMYFUNCTION("SPARKLINE(C19,{""charttype"",""bar"";""max"",1;""min"",0;""color1"",IF(C19>0.7,""green"",IF(C19>0.5,""yellow"",""red""))})"),"") | D20: =IFERROR(__xludf.DUMMYFUNCTION("SPARKLINE(D19,{""charttype"",""bar"";""max"",1;""min"",0;""color1"",IF(D19>0.7,""green"",IF(D19>0.5,""yellow"",""red""))})"),"") | E20: =IFERROR(__xludf.DUMMYFUNCTION("SPARKLINE(E19,{""charttype"",""bar"";""max"",1;""min"",0;""color1"",IF(E19>0.7,""green"",IF(E19>0.5,""yellow"",""red""))})"),"") | F20: =IFERROR(__xludf.DUMMYFUNCTION("SPARKLINE(F19,{""charttype"",""bar"";""max"",1;""min"",0;""color1"",IF(F19>0.7,""green"",IF(F19>0.5,""yellow"",""red""))})"),"") | G20: =IFERROR(__xludf.DUMMYFUNCTION("SPARKLINE(G19,{""charttype"",""bar"";""max"",1;""min"",0;""color1"",IF(G19>0.7,""green"",IF(G19>0.5,""yellow"",""red""))})"),"") | H20: =IFERROR(__xludf.DUMMYFUNCTION("SPARKLINE(H19,{""charttype"",""bar"";""max"",1;""min"",0;""color1"",IF(H19>0.7,""green"",IF(H19>0.5,""yellow"",""red""))})"),"") | I20: =IFERROR(__xludf.DUMMYFUNCTION("SPARKLINE(I19,{""charttype"",""bar"";""max"",1;""min"",0;""color1"",IF(I19>0.7,""green"",IF(I19>0.5,""yellow"",""red""))})"),"") | K20: Progress bar | L20: =IFERROR(__xludf.DUMMYFUNCTION("SPARKLINE(L19,{""charttype"",""bar"";""max"",1;""min"",0;""color1"",IF(L19>0.7,""green"",IF(L19>0.5,""yellow"",""red""))})"),"") | M20: =IFERROR(__xludf.DUMMYFUNCTION("SPARKLINE(M19,{""charttype"",""bar"";""max"",1;""min"",0;""color1"",IF(M19>0.7,""green"",IF(M19>0.5,""yellow"",""red""))})"),"") | N20: =IFERROR(__xludf.DUMMYFUNCTION("SPARKLINE(N19,{""charttype"",""bar"";""max"",1;""min"",0;""color1"",IF(N19>0.7,""green"",IF(N19>0.5,""yellow"",""red""))})"),"") | O20: =IFERROR(__xludf.DUMMYFUNCTION("SPARKLINE(O19,{""charttype"",""bar"";""max"",1;""min"",0;""color1"",IF(O19>0.7,""green"",IF(O19>0.5,""yellow"",""red""))})"),"") | P20: =IFERROR(__xludf.DUMMYFUNCTION("SPARKLINE(P19,{""charttype"",""bar"";""max"",1;""min"",0;""color1"",IF(P19>0.7,""green"",IF(P19>0.5,""yellow"",""red""))})"),"") | Q20: =IFERROR(__xludf.DUMMYFUNCTION("SPARKLINE(Q19,{""charttype"",""bar"";""max"",1;""min"",0;""color1"",IF(Q19>0.7,""green"",IF(Q19>0.5,""yellow"",""red""))})"),"") | R20: =IFERROR(__xludf.DUMMYFUNCTION("SPARKLINE(R19,{""charttype"",""bar"";""max"",1;""min"",0;""color1"",IF(R19>0.7,""green"",IF(R19>0.5,""yellow"",""red""))})"),"") | U20: =IFERROR(__xludf.DUMMYFUNCTION("SPARKLINE(U19,{""charttype"",""bar"";""max"",1;""min"",0;""color1"",IF(U19>0.7,""green"",IF(U19>0.5,""yellow"",""red""))})"),"") | V20: =IFERROR(__xludf.DUMMYFUNCTION("SPARKLINE(V19,{""charttype"",""bar"";""max"",1;""min"",0;""color1"",IF(V19>0.7,""green"",IF(V19>0.5,""yellow"",""red""))})"),"") | X20: Loan Payment | Y20: TRUE
B21: Weekly progress bar | C21: =IFERROR(__xludf.DUMMYFUNCTION("SPARKLINE((SUM(C19:I19)+3*U19)/10,{""charttype"",""bar"";""max"",1;""min"",0;""color1"",IF((SUM(C19:I19)+3*U19)/10>0.7,""green"",IF((SUM(C19:I19)+3*U19)/10>0.5,""yellow"",""red""))})"),"") | K21: Weekly progress bar | L21: =IFERROR(__xludf.DUMMYFUNCTION("SPARKLINE((SUM(L19:R19)+3*V19)/10,{""charttype"",""bar"";""max"",1;""min"",0;""color1"",IF((SUM(L19:R19)+3*V19)/10>0.7,""green"",IF((SUM(L19:R19)+3*V19)/10>0.5,""yellow"",""red""))})"),"") | T21: Progress bar | U21: =IFERROR(__xludf.DUMMYFUNCTION("SPARKLINE((U19+V19)/2,{""charttype"",""bar"";""max"",1;""min"",0;""color1"",IF((U19+V19)/2>0.7,""green"",IF((U19+V19)/2>0.5,""yellow"",""red""))})"),"") | X21: Wash mats | Y21: FALSE
X22: Total | Y22: =COUNTIF(Y17:Y21,True)/COUNTA(Y17:Y21) -> 0.6
B23: Week 3 | C23: =R5+1 -> 45089 | D23: =C23+1 -> 45090 | E23: =D23+1 -> 45091 | F23: =E23+1 -> 45092 | G23: =F23+1 -> 45093 | H23: =G23+1 -> 45094 | I23: =H23+1 -> 45095 | K23: Week 4 | L23: =I23+1 -> 45096 | M23: =L23+1 -> 45097 | N23: =M23+1 -> 45098 | O23: =N23+1 -> 45099 | P23: =O23+1 -> 45100 | Q23: =P23+1 -> 45101 | R23: =Q23+1 -> 45102 | T23: Weekly Goals | U23: Week 3 | V23: Week 4 | X23: Progress bar | Y23: =IFERROR(__xludf.DUMMYFUNCTION("SPARKLINE(Y22,{""charttype"",""bar"";""max"",1;""min"",0;""color1"",IF(Y22>0.7,""green"",IF(Y22>0.5,""yellow"",""red""))})"),"")
B24: Day | C24: =CHOOSE(WEEKDAY(C23,2),"Mon","Tue","Wed","Thu","Fri","Sat","Sun") -> Mon | D24: =CHOOSE(WEEKDAY(D23,2),"Mon","Tue","Wed","Thu","Fri","Sat","Sun") -> Tue | E24: =CHOOSE(WEEKDAY(E23,2),"Mon","Tue","Wed","Thu","Fri","Sat","Sun") -> Wed | F24: =CHOOSE(WEEKDAY(F23,2),"Mon","Tue","Wed","Thu","Fri","Sat","Sun") -> Thu | G24: =CHOOSE(WEEKDAY(G23,2),"Mon","Tue","Wed","Thu","Fri","Sat","Sun") -> Fri | H24: =CHOOSE(WEEKDAY(H23,2),"Mon","Tue","Wed","Thu","Fri","Sat","Sun") -> Sat | I24: =CHOOSE(WEEKDAY(I23,2),"Mon","Tue","Wed","Thu","Fri","Sat","Sun") -> Sun | K24: Day | L24: =CHOOSE(WEEKDAY(L23,2),"Mon","Tue","Wed","Thu","Fri","Sat","Sun") -> Mon | M24: =CHOOSE(WEEKDAY(M23,2),"Mon","Tue","Wed","Thu","Fri","Sat","Sun") -> Tue | N24: =CHOOSE(WEEKDAY(N23,2),"Mon","Tue","Wed","Thu","Fri","Sat","Sun") -> Wed | O24: =CHOOSE(WEEKDAY(O23,2),"Mon","Tue","Wed","Thu","Fri","Sat","Sun") -> Thu | P24: =CHOOSE(WEEKDAY(P23,2),"Mon","Tue","Wed","Thu","Fri","Sat","Sun") -> Fri | Q24: =CHOOSE(WEEKDAY(Q23,2),"Mon","Tue","Wed","Thu","Fri","Sat","Sun") -> Sat | R24: =CHOOSE(WEEKDAY(R23,2),"Mon","Tue","Wed","Thu","Fri","Sat","Sun") -> Sun | T24: Laundry | U24: TRUE | V24: TRUE
B25: =B7 -> Exercise | C25: TRUE | D25: TRUE | E25: TRUE | F25: TRUE | G25: FALSE | H25: TRUE | I25: FALSE | K25: =B7 -> Exercise | L25: FALSE | M25: FALSE | N25: FALSE | O25: FALSE | P25: FALSE | Q25: FALSE | R25: FALSE | T25: Cleaning | U25: FALSE | V25: TRUE
B26: =B8 -> Stretch/Yoga (>20min) | C26: FALSE | D26: FALSE | E26: FALSE | F26: FALSE | G26: FALSE | H26: FALSE | I26: FALSE | K26: =B8 -> Stretch/Yoga (>20min) | L26: FALSE | M26: FALSE | N26: FALSE | O26: FALSE | P26: FALSE | Q26: FALSE | R26: FALSE | T26: Grocery Shop | U26: FALSE | V26: TRUE
B27: =B9 -> Social Media (<limit) | C27: TRUE | D27: TRUE | E27: TRUE | F27: FALSE | G27: FALSE | H27: FALSE | I27: FALSE | K27: =B9 -> Social Media (<limit) | L27: TRUE | M27: TRUE | N27: TRUE | O27: FALSE | P27: TRUE | Q27: FALSE | R27: TRUE | T27: Meal Prep | U27: FALSE | V27: TRUE
B28: =B10 -> Eat in | C28: TRUE | D28: TRUE | E28: FALSE | F28: FALSE | G28: FALSE | H28: FALSE | I28: FALSE | K28: =B10 -> Eat in | L28: FALSE | M28: FALSE | N28: FALSE | O28: FALSE | P28: FALSE | Q28: FALSE | R28: TRUE | T28: Website work (~2h) | U28: FALSE | V28: FALSE
B29: =B11 -> Review Budget/Goals | C29: FALSE | D29: TRUE | E29: TRUE | F29: FALSE | G29: FALSE | H29: FALSE | I29: FALSE | K29: =B11 -> Review Budget/Goals | L29: TRUE | M29: FALSE | N29: FALSE | O29: TRUE | P29: TRUE | Q29: FALSE | R29: TRUE | T29: Recycling | U29: FALSE | V29: TRUE
B30: =B12 -> (2x)Brush+(1x)Floss | C30: TRUE | D30: TRUE | E30: FALSE | F30: FALSE | G30: FALSE | H30: FALSE | I30: FALSE | K30: =B12 -> (2x)Brush+(1x)Floss | L30: FALSE | M30: FALSE | N30: FALSE | O30: FALSE | P30: FALSE | Q30: FALSE | R30: TRUE | T30: Trash | U30: TRUE | V30: TRUE
B31: =B13 -> Water (3L) | C31: TRUE | D31: FALSE | E31: TRUE | F31: TRUE | G31: FALSE | H31: FALSE | I31: FALSE | K31: =B13 -> Water (3L) | L31: FALSE | M31: FALSE | N31: FALSE | O31: FALSE | P31: FALSE | Q31: FALSE | R31: TRUE | T31: Shave/Trim | U31: FALSE | V31: TRUE
B32: =B14 -> 7 hours sleep | C32: TRUE | D32: FALSE | E32: FALSE | F32: FALSE | G32: FALSE | H32: FALSE | I32: FALSE | K32: =B14 -> 7 hours sleep | L32: TRUE | M32: TRUE | N32: TRUE | O32: TRUE | P32: TRUE | Q32: TRUE | R32: TRUE | T32: Water Plants | U32: FALSE | V32: TRUE
B33: =B15 -> Clean (~20 min) | C33: TRUE | D33: FALSE | E33: TRUE | F33: TRUE | G33: FALSE | H33: FALSE | I33: FALSE | K33: =B15 -> Clean (~20 min) | L33: TRUE | M33: FALSE | N33: TRUE | O33: FALSE | P33: TRUE | Q33: TRUE | R33: TRUE | T33: Weekend Exercise | U33: TRUE | V33: FALSE
B34: =B16 -> Read (~20 min) | C34: TRUE | D34: TRUE | E34: TRUE | F34: FALSE | G34: FALSE | H34: FALSE | I34: FALSE | K34: =B16 -> Read (~20 min) | L34: FALSE | M34: TRUE | N34: TRUE | O34: FALSE | P34: FALSE | Q34: FALSE | R34: FALSE | T34: Total | U34: =COUNTIF(U24:U33,True)/COUNTA(U24:U33) -> 0.3 | V34: =COUNTIF(V24:V33,True)/COUNTA(V24:V33) -> 0.8
B35: =B17 -> Vitamins | C35: TRUE | D35: TRUE | E35: TRUE | F35: FALSE | G35: FALSE | H35: FALSE | I35: FALSE | K35: =B17 -> Vitamins | L35: TRUE | M35: FALSE | N35: TRUE | O35: TRUE | P35: FALSE | Q35: TRUE | R35: TRUE | U35: =IFERROR(__xludf.DUMMYFUNCTION("SPARKLINE(U34,{""charttype"",""bar"";""max"",1;""min"",0;""color1"",IF(U34>0.7,""green"",IF(U34>0.5,""yellow"",""red""))})"),"") | V35: =IFERROR(__xludf.DUMMYFUNCTION("SPARKLINE(V34,{""charttype"",""bar"";""max"",1;""min"",0;""color1"",IF(V34>0.7,""green"",IF(V34>0.5,""yellow"",""red""))})"),"")
B36: =B18 -> Duolingo | C36: FALSE | D36: FALSE | E36: FALSE | F36: FALSE | G36: FALSE | H36: FALSE | I36: FALSE | K36: =B36 -> Duolingo | L36: FALSE | M36: FALSE | N36: FALSE | O36: FALSE | P36: FALSE | Q36: FALSE | R36: FALSE | T36: Progress bar | U36: =IFERROR(__xludf.DUMMYFUNCTION("SPARKLINE((U34+V34)/2,{""charttype"",""bar"";""max"",1;""min"",0;""color1"",IF((U34+V34)/2>0.7,""green"",IF((U34+V34)/2>0.5,""yellow"",""red""))})"),"")
B37: Total | C37: =COUNTIF(C25:C36,True)/COUNTA(C25:C36) -> 0.75 | D37: =COUNTIF(D25:D36,True)/COUNTA(D25:D36) -> 0.58333333 | E37: =COUNTIF(E25:E36,True)/COUNTA(E25:E36) -> 0.58333333 | F37: =COUNTIF(F25:F36,True)/COUNTA(F25:F36) -> 0.25 | G37: =COUNTIF(G25:G36,True)/COUNTA(G25:G36) -> 0 | H37: =COUNTIF(H25:H36,True)/COUNTA(H25:H36) -> 0.083333333 | I37: =COUNTIF(I25:I36,True)/COUNTA(I25:I36) -> 0 | K37: Total | L37: =COUNTIF(L25:L35,True)/COUNTA(L25:L35) -> 0.45454545 | M37: =COUNTIF(M25:M35,True)/COUNTA(M25:M35) -> 0.27272727 | N37: =COUNTIF(N25:N35,True)/COUNTA(N25:N35) -> 0.45454545 | O37: =COUNTIF(O25:O35,True)/COUNTA(O25:O35) -> 0.27272727 | P37: =COUNTIF(P25:P35,True)/COUNTA(P25:P35) -> 0.36363636 | Q37: =COUNTIF(Q25:Q35,True)/COUNTA(Q25:Q35) -> 0.27272727 | R37: =COUNTIF(R25:R35,True)/COUNTA(R25:R35) -> 0.72727273
B38: Progress bar | C38: =IFERROR(__xludf.DUMMYFUNCTION("SPARKLINE(C37,{""charttype"",""bar"";""max"",1;""min"",0;""color1"",IF(C37>0.7,""green"",IF(C37>0.5,""yellow"",""red""))})"),"") | D38: =IFERROR(__xludf.DUMMYFUNCTION("SPARKLINE(D37,{""charttype"",""bar"";""max"",1;""min"",0;""color1"",IF(D37>0.7,""green"",IF(D37>0.5,""yellow"",""red""))})"),"") | E38: =IFERROR(__xludf.DUMMYFUNCTION("SPARKLINE(E37,{""charttype"",""bar"";""max"",1;""min"",0;""color1"",IF(E37>0.7,""green"",IF(E37>0.5,""yellow"",""red""))})"),"") | F38: =IFERROR(__xludf.DUMMYFUNCTION("SPARKLINE(F37,{""charttype"",""bar"";""max"",1;""min"",0;""color1"",IF(F37>0.7,""green"",IF(F37>0.5,""yellow"",""red""))})"),"") | G38: =IFERROR(__xludf.DUMMYFUNCTION("SPARKLINE(G37,{""charttype"",""bar"";""max"",1;""min"",0;""color1"",IF(G37>0.7,""green"",IF(G37>0.5,""yellow"",""red""))})"),"") | H38: =IFERROR(__xludf.DUMMYFUNCTION("SPARKLINE(H37,{""charttype"",""bar"";""max"",1;""min"",0;""color1"",IF(H37>0.7,""green"",IF(H37>0.5,""yellow"",""red""))})"),"") | I38: =IFERROR(__xludf.DUMMYFUNCTION("SPARKLINE(I37,{""charttype"",""bar"";""max"",1;""min"",0;""color1"",IF(I37>0.7,""green"",IF(I37>0.5,""yellow"",""red""))})"),"") | K38: Progress bar | L38: =IFERROR(__xludf.DUMMYFUNCTION("SPARKLINE(L37,{""charttype"",""bar"";""max"",1;""min"",0;""color1"",IF(L37>0.7,""green"",IF(L37>0.5,""yellow"",""red""))})"),"") | M38: =IFERROR(__xludf.DUMMYFUNCTION("SPARKLINE(M37,{""charttype"",""bar"";""max"",1;""min"",0;""color1"",IF(M37>0.7,""green"",IF(M37>0.5,""yellow"",""red""))})"),"") | N38: =IFERROR(__xludf.DUMMYFUNCTION("SPARKLINE(N37,{""charttype"",""bar"";""max"",1;""min"",0;""color1"",IF(N37>0.7,""green"",IF(N37>0.5,""yellow"",""red""))})"),"") | O38: =IFERROR(__xludf.DUMMYFUNCTION("SPARKLINE(O37,{""charttype"",""bar"";""max"",1;""min"",0;""color1"",IF(O37>0.7,""green"",IF(O37>0.5,""yellow"",""red""))})"),"") | P38: =IFERROR(__xludf.DUMMYFUNCTION("SPARKLINE(P37,{""charttype"",""bar"";""max"",1;""min"",0;""color1"",IF(P37>0.7,""green"",IF(P37>0.5,""yellow"",""red""))})"),"") | Q38: =IFERROR(__xludf.DUMMYFUNCTION("SPARKLINE(Q37,{""charttype"",""bar"";""max"",1;""min"",0;""color1"",IF(Q37>0.7,""green"",IF(Q37>0.5,""yellow"",""red""))})"),"") | R38: =IFERROR(__xludf.DUMMYFUNCTION("SPARKLINE(R37,{""charttype"",""bar"";""max"",1;""min"",0;""color1"",IF(R37>0.7,""green"",IF(R37>0.5,""yellow"",""red""))})"),"")
B39: Weekly progress bar | C39: =IFERROR(__xludf.DUMMYFUNCTION("SPARKLINE((SUM(C37:I37)+3*U34)/10,{""charttype"",""bar"";""max"",1;""min"",0;""color1"",IF((SUM(C37:I37)+3*U34)/10>0.7,""green"",IF((SUM(C37:I37)+3*U34)/10>0.5,""yellow"",""red""))})"),"") | K39: Weekly progress bar | L39: =IFERROR(__xludf.DUMMYFUNCTION("SPARKLINE((SUM(L37:R37)+3*V34)/10,{""charttype"",""bar"";""max"",1;""min"",0;""color1"",IF((SUM(L37:R37)+3*V34)/10>0.7,""green"",IF((SUM(L37:R37)+3*V34)/10>0.5,""yellow"",""red""))})"),"")

Sheet July2023
D2: =IFERROR(__xludf.DUMMYFUNCTION("SPARKLINE((SUM(C19:I19)+3*SUM(U19:V19) + SUM(L19:R19) + SUM(C37:I37) + SUM(L37:R37) +SUM(Z22:AF22) + 3*SUM(U34:W34)+ 5*SUM(Z32))/55,{""charttype"",""bar"";""max"",1;""min"",0;""color1"",IF((SUM(C19:I19)+3*SUM(U19:V19) + SUM(L19:R19) + SUM(C37:I37) + SUM(L"&"37:R37) +SUM(Z22:AF22) + 3*SUM(U34:V34)+ 5*SUM(Z32))/52>0.7,""green"",IF((SUM(C19:I19)+3*SUM(U19:V19) + SUM(L19:R19) + SUM(C37:I37) + SUM(L37:R37) +SUM(Z22:AF22) + 3*SUM(U34:V34)+ 5*SUM(Z32))/52>0.5,""yellow"",""red""))})"),"") | AA2: (%): | AB2: =(SUM(C19:I19)+3*SUM(U19:V19) + SUM(L19:R19) + SUM(C37:I37) + SUM(L37:R37) +SUM(Z22:AF22) + 3*SUM(U34:W34)+ 5*SUM(Z32))/55 -> 0.55371901
B3: 45108 | AA3: Points: | AB3: {=COUNTIF(C7:I18,TRUE)+COUNTIF(L7:R18,TRUE)+COUNTIF(C25:I36,TRUE)+COUNTIF(L25:R36,TRUE)+COUNTIF(Z10:AF21,TRUE)+3*(COUNTIF(U9:V18,TRUE)+COUNTIF(U24:W33,TRUE))+5*(COUNTIF(Z27:Z31,TRUE))} -> 309
AA4: ytd | AB4: =AB3 + June2023!X9 -> 1956
B5: Week 1 | C5: =June2023!R23+1 -> 45103 | D5: =C5+1 -> 45104 | E5: =D5+1 -> 45105 | F5: =E5+1 -> 45106 | G5: =F5+1 -> 45107 | H5: =G5+1 -> 45108 | I5: =H5+1 -> 45109 | K5: Week 2 | L5: =I5+1 -> 45110 | M5: =L5+1 -> 45111 | N5: =M5+1 -> 45112 | O5: =N5+1 -> 45113 | P5: =O5+1 -> 45114 | Q5: =P5+1 -> 45115 | R5: =Q5+1 -> 45116
B6: Day | C6: =CHOOSE(WEEKDAY(C5,2),"Mon","Tue","Wed","Thu","Fri","Sat","Sun") -> Mon | D6: =CHOOSE(WEEKDAY(D5,2),"Mon","Tue","Wed","Thu","Fri","Sat","Sun") -> Tue | E6: =CHOOSE(WEEKDAY(E5,2),"Mon","Tue","Wed","Thu","Fri","Sat","Sun") -> Wed | F6: =CHOOSE(WEEKDAY(F5,2),"Mon","Tue","Wed","Thu","Fri","Sat","Sun") -> Thu | G6: =CHOOSE(WEEKDAY(G5,2),"Mon","Tue","Wed","Thu","Fri","Sat","Sun") -> Fri | H6: =CHOOSE(WEEKDAY(H5,2),"Mon","Tue","Wed","Thu","Fri","Sat","Sun") -> Sat | I6: =CHOOSE(WEEKDAY(I5,2),"Mon","Tue","Wed","Thu","Fri","Sat","Sun") -> Sun | K6: Day | L6: =CHOOSE(WEEKDAY(L5,2),"Mon","Tue","Wed","Thu","Fri","Sat","Sun") -> Mon | M6: =CHOOSE(WEEKDAY(M5,2),"Mon","Tue","Wed","Thu","Fri","Sat","Sun") -> Tue | N6: =CHOOSE(WEEKDAY(N5,2),"Mon","Tue","Wed","Thu","Fri","Sat","Sun") -> Wed | O6: =CHOOSE(WEEKDAY(O5,2),"Mon","Tue","Wed","Thu","Fri","Sat","Sun") -> Thu | P6: =CHOOSE(WEEKDAY(P5,2),"Mon","Tue","Wed","Thu","Fri","Sat","Sun") -> Fri | Q6: =CHOOSE(WEEKDAY(Q5,2),"Mon","Tue","Wed","Thu","Fri","Sat","Sun") -> Sat | R6: =CHOOSE(WEEKDAY(R5,2),"Mon","Tue","Wed","Thu","Fri","Sat","Sun") -> Sun
B7: Exercise | C7: TRUE | D7: TRUE | E7: TRUE | F7: FALSE | G7: FALSE | H7: FALSE | I7: FALSE | K7: =B7 -> Exercise | L7: FALSE | M7: FALSE | N7: TRUE | O7: TRUE | P7: FALSE | Q7: TRUE | R7: FALSE
B8: Stretch/Yoga (>20min) | C8: FALSE | D8: FALSE | E8: FALSE | F8: FALSE | G8: FALSE | H8: FALSE | I8: FALSE | K8: =B8 -> Stretch/Yoga (>20min) | L8: FALSE | M8: FALSE | N8: FALSE | O8: FALSE | P8: FALSE | Q8: FALSE | R8: FALSE | T8: Weekly Goals | U8: Week 1 | V8: Week 2 | Y8: Bonus Week | Z8: =R23+1 -> 45131 | AA8: =Z8+1 -> 45132 | AB8: =AA8+1 -> 45133 | AC8: =AB8+1 -> 45134 | AD8: =AC8+1 -> 45135 | AE8: =AD8+1 -> 45136 | AF8: =AE8+1 -> 45137
B9: Social Media (<limit) | C9: TRUE | D9: TRUE | E9: TRUE | F9: FALSE | G9: FALSE | H9: FALSE | I9: FALSE | K9: =B9 -> Social Media (<limit) | L9: FALSE | M9: FALSE | N9: TRUE | O9: TRUE | P9: TRUE | Q9: TRUE | R9: TRUE | T9: Laundry | U9: FALSE | V9: TRUE | Y9: Day | Z9: =CHOOSE(WEEKDAY(Z8,2),"Mon","Tue","Wed","Thu","Fri","Sat","Sun") -> Mon | AA9: =CHOOSE(WEEKDAY(AA8,2),"Mon","Tue","Wed","Thu","Fri","Sat","Sun") -> Tue | AB9: =CHOOSE(WEEKDAY(AB8,2),"Mon","Tue","Wed","Thu","Fri","Sat","Sun") -> Wed | AC9: =CHOOSE(WEEKDAY(AC8,2),"Mon","Tue","Wed","Thu","Fri","Sat","Sun") -> Thu | AD9: =CHOOSE(WEEKDAY(AD8,2),"Mon","Tue","Wed","Thu","Fri","Sat","Sun") -> Fri | AE9: =CHOOSE(WEEKDAY(AE8,2),"Mon","Tue","Wed","Thu","Fri","Sat","Sun") -> Sat | AF9: =CHOOSE(WEEKDAY(AF8,2),"Mon","Tue","Wed","Thu","Fri","Sat","Sun") -> Sun
B10: Eat in | C10: TRUE | D10: FALSE | E10: TRUE | F10: FALSE | G10: FALSE | H10: TRUE | I10: TRUE | K10: =B10 -> Eat in | L10: FALSE | M10: FALSE | N10: FALSE | O10: FALSE | P10: FALSE | Q10: FALSE | R10: TRUE | T10: Cleaning | U10: FALSE | V10: TRUE | Y10: =K7 -> Exercise | Z10: TRUE | AA10: TRUE | AB10: TRUE | AC10: TRUE | AD10: TRUE | AE10: TRUE | AF10: FALSE
B11: Review Budget/Goals | C11: TRUE | D11: TRUE | E11: TRUE | F11: TRUE | G11: TRUE | H11: FALSE | I11: FALSE | K11: =B11 -> Review Budget/Goals | L11: TRUE | M11: TRUE | N11: TRUE | O11: TRUE | P11: FALSE | Q11: FALSE | R11: TRUE | T11: Grocery Shop | U11: FALSE | V11: TRUE | Y11: =K8 -> Stretch/Yoga (>20min) | Z11: FALSE | AA11: FALSE | AB11: FALSE | AC11: FALSE | AD11: FALSE | AE11: FALSE | AF11: FALSE
B12: (2x)Brush+(1x)Floss | C12: FALSE | D12: FALSE | E12: TRUE | F12: TRUE | G12: FALSE | H12: FALSE | I12: FALSE | K12: =B12 -> (2x)Brush+(1x)Floss | L12: FALSE | M12: FALSE | N12: FALSE | O12: FALSE | P12: TRUE | Q12: FALSE | R12: FALSE | T12: Meal Prep | U12: FALSE | V12: TRUE | Y12: =K9 -> Social Media (<limit) | Z12: FALSE | AA12: TRUE | AB12: TRUE | AC12: TRUE | AD12: TRUE | AE12: FALSE | AF12: TRUE
B13: Water (3L) | C13: FALSE | D13: FALSE | E13: TRUE | F13: TRUE | G13: FALSE | H13: FALSE | I13: FALSE | K13: =B13 -> Water (3L) | L13: FALSE | M13: FALSE | N13: FALSE | O13: FALSE | P13: FALSE | Q13: FALSE | R13: FALSE | T13: Website work (~2h) | U13: FALSE | V13: FALSE | Y13: =K10 -> Eat in | Z13: FALSE | AA13: TRUE | AB13: TRUE | AC13: TRUE | AD13: TRUE | AE13: FALSE | AF13: TRUE
B14: 7 hours sleep | C14: FALSE | D14: FALSE | E14: FALSE | F14: TRUE | G14: FALSE | H14: TRUE | I14: TRUE | K14: =B14 -> 7 hours sleep | L14: TRUE | M14: TRUE | N14: FALSE | O14: FALSE | P14: FALSE | Q14: TRUE | R14: FALSE | T14: Recycling | U14: TRUE | V14: TRUE | Y14: =K11 -> Review Budget/Goals | Z14: TRUE | AA14: FALSE | AB14: TRUE | AC14: TRUE | AD14: FALSE | AE14: FALSE | AF14: TRUE
B15: Clean (~20 min) | C15: FALSE | D15: FALSE | E15: FALSE | F15: TRUE | G15: TRUE | H15: FALSE | I15: FALSE | K15: =B15 -> Clean (~20 min) | L15: TRUE | M15: FALSE | N15: TRUE | O15: TRUE | P15: FALSE | Q15: FALSE | R15: TRUE | T15: Trash | U15: FALSE | V15: FALSE | Y15: =K12 -> (2x)Brush+(1x)Floss | Z15: FALSE | AA15: TRUE | AB15: TRUE | AC15: TRUE | AD15: FALSE | AE15: FALSE | AF15: FALSE
B16: Read (~20 min) | C16: FALSE | D16: FALSE | E16: FALSE | F16: FALSE | G16: TRUE | H16: TRUE | I16: TRUE | K16: =B16 -> Read (~20 min) | L16: TRUE | M16: FALSE | N16: TRUE | O16: TRUE | P16: FALSE | Q16: FALSE | R16: FALSE | T16: Shave/Trim | U16: TRUE | V16: TRUE | Y16: =K13 -> Water (3L) | Z16: FALSE | AA16: FALSE | AB16: FALSE | AC16: FALSE | AD16: FALSE | AE16: FALSE | AF16: FALSE
B17: Vitamins | C17: TRUE | D17: FALSE | E17: TRUE | F17: TRUE | G17: FALSE | H17: FALSE | I17: FALSE | K17: =B17 -> Vitamins | L17: FALSE | M17: FALSE | N17: TRUE | O17: TRUE | P17: TRUE | Q17: TRUE | R17: TRUE | T17: Water Plants | U17: TRUE | V17: FALSE | Y17: =K14 -> 7 hours sleep | Z17: TRUE | AA17: TRUE | AB17: TRUE | AC17: TRUE | AD17: TRUE | AE17: FALSE | AF17: TRUE
B18: Duolingo | C18: FALSE | D18: FALSE | E18: FALSE | F18: FALSE | G18: FALSE | H18: FALSE | I18: FALSE | K18: =B18 -> Duolingo | L18: FALSE | M18: FALSE | N18: FALSE | O18: FALSE | P18: FALSE | Q18: FALSE | R18: FALSE | T18: Weekend Exercise | U18: FALSE | V18: TRUE | Y18: =K15 -> Clean (~20 min) | Z18: TRUE | AA18: FALSE | AB18: FALSE | AC18: FALSE | AD18: TRUE | AE18: TRUE | AF18: TRUE
B19: Total | C19: =COUNTIF(C7:C18,True)/COUNTA(C7:C18) -> 0.41666667 | D19: =COUNTIF(D7:D18,True)/COUNTA(D7:D18) -> 0.25 | E19: =COUNTIF(E7:E18,True)/COUNTA(E7:E18) -> 0.58333333 | F19: =COUNTIF(F7:F18,True)/COUNTA(F7:F18) -> 0.5 | G19: =COUNTIF(G7:G18,True)/COUNTA(G7:G18) -> 0.25 | H19: =COUNTIF(H7:H18,True)/COUNTA(H7:H18) -> 0.25 | I19: =COUNTIF(I7:I18,True)/COUNTA(I7:I18) -> 0.25 | K19: Total | L19: =COUNTIF(L7:L18,True)/COUNTA(L7:L18) -> 0.33333333 | M19: =COUNTIF(M7:M18,True)/COUNTA(M7:M18) -> 0.16666667 | N19: =COUNTIF(N7:N18,True)/COUNTA(N7:N18) -> 0.5 | O19: =COUNTIF(O7:O18,True)/COUNTA(O7:O18) -> 0.5 | P19: =COUNTIF(P7:P18,True)/COUNTA(P7:P18) -> 0.25 | Q19: =COUNTIF(Q7:Q18,True)/COUNTA(Q7:Q18) -> 0.33333333 | R19: =COUNTIF(R7:R18,True)/COUNTA(R7:R18) -> 0.41666667 | T19: Total | U19: =COUNTIF(U9:U18,True)/COUNTA(U9:U18) -> 0.3 | V19: =COUNTIF(V9:V18,True)/COUNTA(V9:V18) -> 0.7 | Y19: =K16 -> Read (~20 min) | Z19: TRUE | AA19: FALSE | AB19: FALSE | AC19: FALSE | AD19: FALSE | AE19: FALSE | AF19: FALSE
B20: Progress bar | C20: =IFERROR(__xludf.DUMMYFUNCTION("SPARKLINE(C19,{""charttype"",""bar"";""max"",1;""min"",0;""color1"",IF(C19>0.7,""green"",IF(C19>0.5,""yellow"",""red""))})"),"") | D20: =IFERROR(__xludf.DUMMYFUNCTION("SPARKLINE(D19,{""charttype"",""bar"";""max"",1;""min"",0;""color1"",IF(D19>0.7,""green"",IF(D19>0.5,""yellow"",""red""))})"),"") | E20: =IFERROR(__xludf.DUMMYFUNCTION("SPARKLINE(E19,{""charttype"",""bar"";""max"",1;""min"",0;""color1"",IF(E19>0.7,""green"",IF(E19>0.5,""yellow"",""red""))})"),"") | F20: =IFERROR(__xludf.DUMMYFUNCTION("SPARKLINE(F19,{""charttype"",""bar"";""max"",1;""min"",0;""color1"",IF(F19>0.7,""green"",IF(F19>0.5,""yellow"",""red""))})"),"") | G20: =IFERROR(__xludf.DUMMYFUNCTION("SPARKLINE(G19,{""charttype"",""bar"";""max"",1;""min"",0;""color1"",IF(G19>0.7,""green"",IF(G19>0.5,""yellow"",""red""))})"),"") | H20: =IFERROR(__xludf.DUMMYFUNCTION("SPARKLINE(H19,{""charttype"",""bar"";""max"",1;""min"",0;""color1"",IF(H19>0.7,""green"",IF(H19>0.5,""yellow"",""red""))})"),"") | I20: =IFERROR(__xludf.DUMMYFUNCTION("SPARKLINE(I19,{""charttype"",""bar"";""max"",1;""min"",0;""color1"",IF(I19>0.7,""green"",IF(I19>0.5,""yellow"",""red""))})"),"") | K20: Progress bar | L20: =IFERROR(__xludf.DUMMYFUNCTION("SPARKLINE(L19,{""charttype"",""bar"";""max"",1;""min"",0;""color1"",IF(L19>0.7,""green"",IF(L19>0.5,""yellow"",""red""))})"),"") | M20: =IFERROR(__xludf.DUMMYFUNCTION("SPARKLINE(M19,{""charttype"",""bar"";""max"",1;""min"",0;""color1"",IF(M19>0.7,""green"",IF(M19>0.5,""yellow"",""red""))})"),"") | N20: =IFERROR(__xludf.DUMMYFUNCTION("SPARKLINE(N19,{""charttype"",""bar"";""max"",1;""min"",0;""color1"",IF(N19>0.7,""green"",IF(N19>0.5,""yellow"",""red""))})"),"") | O20: =IFERROR(__xludf.DUMMYFUNCTION("SPARKLINE(O19,{""charttype"",""bar"";""max"",1;""min"",0;""color1"",IF(O19>0.7,""green"",IF(O19>0.5,""yellow"",""red""))})"),"") | P20: =IFERROR(__xludf.DUMMYFUNCTION("SPARKLINE(P19,{""charttype"",""bar"";""max"",1;""min"",0;""color1"",IF(P19>0.7,""green"",IF(P19>0.5,""yellow"",""red""))})"),"") | Q20: =IFERROR(__xludf.DUMMYFUNCTION("SPARKLINE(Q19,{""charttype"",""bar"";""max"",1;""min"",0;""color1"",IF(Q19>0.7,""green"",IF(Q19>0.5,""yellow"",""red""))})"),"") | R20: =IFERROR(__xludf.DUMMYFUNCTION("SPARKLINE(R19,{""charttype"",""bar"";""max"",1;""min"",0;""color1"",IF(R19>0.7,""green"",IF(R19>0.5,""yellow"",""red""))})"),"") | U20: =IFERROR(__xludf.DUMMYFUNCTION("SPARKLINE(U19,{""charttype"",""bar"";""max"",1;""min"",0;""color1"",IF(U19>0.7,""green"",IF(U19>0.5,""yellow"",""red""))})"),"") | V20: =IFERROR(__xludf.DUMMYFUNCTION("SPARKLINE(V19,{""charttype"",""bar"";""max"",1;""min"",0;""color1"",IF(V19>0.7,""green"",IF(V19>0.5,""yellow"",""red""))})"),"") | Y20: =K17 -> Vitamins | Z20: FALSE | AA20: TRUE | AB20: TRUE | AC20: FALSE | AD20: TRUE | AE20: FALSE | AF20: FALSE
B21: Weekly progress bar | C21: =IFERROR(__xludf.DUMMYFUNCTION("SPARKLINE((SUM(C19:I19)+3*U19)/10,{""charttype"",""bar"";""max"",1;""min"",0;""color1"",IF((SUM(C19:I19)+3*U19)/10>0.7,""green"",IF((SUM(C19:I19)+3*U19)/10>0.5,""yellow"",""red""))})"),"") | K21: Weekly progress bar | L21: =IFERROR(__xludf.DUMMYFUNCTION("SPARKLINE((SUM(L19:R19)+3*V19)/10,{""charttype"",""bar"";""max"",1;""min"",0;""color1"",IF((SUM(L19:R19)+3*V19)/10>0.7,""green"",IF((SUM(L19:R19)+3*V19)/10>0.5,""yellow"",""red""))})"),"") | T21: Progress bar | U21: =IFERROR(__xludf.DUMMYFUNCTION("SPARKLINE((U19+V19)/2,{""charttype"",""bar"";""max"",1;""min"",0;""color1"",IF((U19+V19)/2>0.7,""green"",IF((U19+V19)/2>0.5,""yellow"",""red""))})"),"") | Y21: =K36 -> Duolingo | Z21: FALSE | AA21: FALSE | AB21: FALSE | AC21: FALSE | AD21: FALSE | AE21: FALSE | AF21: FALSE
Y22: Total | Z22: =COUNTIF(Z10:Z20,True)/COUNTA(Z10:Z20) -> 0.45454545 | AA22: =COUNTIF(AA10:AA20,True)/COUNTA(AA10:AA20) -> 0.54545455 | AB22: =COUNTIF(AB10:AB20,True)/COUNTA(AB10:AB20) -> 0.63636364 | AC22: =COUNTIF(AC10:AC20,True)/COUNTA(AC10:AC20) -> 0.54545455 | AD22: =COUNTIF(AD10:AD20,True)/COUNTA(AD10:AD20) -> 0.54545455 | AE22: =COUNTIF(AE10:AE20,True)/COUNTA(AE10:AE20) -> 0.18181818 | AF22: =COUNTIF(AF10:AF20,True)/COUNTA(AF10:AF20) -> 0.45454545
B23: Week 3 | C23: =R5+1 -> 45117 | D23: =C23+1 -> 45118 | E23: =D23+1 -> 45119 | F23: =E23+1 -> 45120 | G23: =F23+1 -> 45121 | H23: =G23+1 -> 45122 | I23: =H23+1 -> 45123 | K23: Week 4 | L23: =I23+1 -> 45124 | M23: =L23+1 -> 45125 | N23: =M23+1 -> 45126 | O23: =N23+1 -> 45127 | P23: =O23+1 -> 45128 | Q23: =P23+1 -> 45129 | R23: =Q23+1 -> 45130 | T23: Weekly Goals | U23: Week 3 | V23: Week 4 | W23: Bonus | Y23: Progress bar | Z23: =IFERROR(__xludf.DUMMYFUNCTION("SPARKLINE(Z22,{""charttype"",""bar"";""max"",1;""min"",0;""color1"",IF(Z22>0.7,""green"",IF(Z22>0.5,""yellow"",""red""))})"),"") | AA23: =IFERROR(__xludf.DUMMYFUNCTION("SPARKLINE(AA22,{""charttype"",""bar"";""max"",1;""min"",0;""color1"",IF(AA22>0.7,""green"",IF(AA22>0.5,""yellow"",""red""))})"),"") | AB23: =IFERROR(__xludf.DUMMYFUNCTION("SPARKLINE(AB22,{""charttype"",""bar"";""max"",1;""min"",0;""color1"",IF(AB22>0.7,""green"",IF(AB22>0.5,""yellow"",""red""))})"),"") | AC23: =IFERROR(__xludf.DUMMYFUNCTION("SPARKLINE(AC22,{""charttype"",""bar"";""max"",1;""min"",0;""color1"",IF(AC22>0.7,""green"",IF(AC22>0.5,""yellow"",""red""))})"),"") | AD23: =IFERROR(__xludf.DUMMYFUNCTION("SPARKLINE(AD22,{""charttype"",""bar"";""max"",1;""min"",0;""color1"",IF(AD22>0.7,""green"",IF(AD22>0.5,""yellow"",""red""))})"),"") | AE23: =IFERROR(__xludf.DUMMYFUNCTION("SPARKLINE(AE22,{""charttype"",""bar"";""max"",1;""min"",0;""color1"",IF(AE22>0.7,""green"",IF(AE22>0.5,""yellow"",""red""))})"),"") | AF23: =IFERROR(__xludf.DUMMYFUNCTION("SPARKLINE(AF22,{""charttype"",""bar"";""max"",1;""min"",0;""color1"",IF(AF22>0.7,""green"",IF(AF22>0.5,""yellow"",""red""))})"),"")
B24: Day | C24: =CHOOSE(WEEKDAY(C23,2),"Mon","Tue","Wed","Thu","Fri","Sat","Sun") -> Mon | D24: =CHOOSE(WEEKDAY(D23,2),"Mon","Tue","Wed","Thu","Fri","Sat","Sun") -> Tue | E24: =CHOOSE(WEEKDAY(E23,2),"Mon","Tue","Wed","Thu","Fri","Sat","Sun") -> Wed | F24: =CHOOSE(WEEKDAY(F23,2),"Mon","Tue","Wed","Thu","Fri","Sat","Sun") -> Thu | G24: =CHOOSE(WEEKDAY(G23,2),"Mon","Tue","Wed","Thu","Fri","Sat","Sun") -> Fri | H24: =CHOOSE(WEEKDAY(H23,2),"Mon","Tue","Wed","Thu","Fri","Sat","Sun") -> Sat | I24: =CHOOSE(WEEKDAY(I23,2),"Mon","Tue","Wed","Thu","Fri","Sat","Sun") -> Sun | K24: Day | L24: =CHOOSE(WEEKDAY(L23,2),"Mon","Tue","Wed","Thu","Fri","Sat","Sun") -> Mon | M24: =CHOOSE(WEEKDAY(M23,2),"Mon","Tue","Wed","Thu","Fri","Sat","Sun") -> Tue | N24: =CHOOSE(WEEKDAY(N23,2),"Mon","Tue","Wed","Thu","Fri","Sat","Sun") -> Wed | O24: =CHOOSE(WEEKDAY(O23,2),"Mon","Tue","Wed","Thu","Fri","Sat","Sun") -> Thu | P24: =CHOOSE(WEEKDAY(P23,2),"Mon","Tue","Wed","Thu","Fri","Sat","Sun") -> Fri | Q24: =CHOOSE(WEEKDAY(Q23,2),"Mon","Tue","Wed","Thu","Fri","Sat","Sun") -> Sat | R24: =CHOOSE(WEEKDAY(R23,2),"Mon","Tue","Wed","Thu","Fri","Sat","Sun") -> Sun | T24: Laundry | U24: TRUE | V24: TRUE | W24: TRUE | Y24: Weekly progress bar | Z24: =IFERROR(__xludf.DUMMYFUNCTION("SPARKLINE((SUM(Z22:AF22)+3*AR20)/10,{""charttype"",""bar"";""max"",1;""min"",0;""color1"",IF((SUM(Z22:AF22)+3*AR20)/10>0.7,""green"",IF((SUM(Z22:AF22)+3*AR20)/10>0.5,""yellow"",""red""))})"),"")
B25: =B7 -> Exercise | C25: TRUE | D25: TRUE | E25: TRUE | F25: TRUE | G25: FALSE | H25: TRUE | I25: FALSE | K25: =B7 -> Exercise | L25: TRUE | M25: TRUE | N25: TRUE | O25: TRUE | P25: TRUE | Q25: FALSE | R25: FALSE | T25: Cleaning | U25: TRUE | V25: TRUE | W25: TRUE
B26: =B8 -> Stretch/Yoga (>20min) | C26: FALSE | D26: FALSE | E26: FALSE | F26: TRUE | G26: FALSE | H26: FALSE | I26: FALSE | K26: =B8 -> Stretch/Yoga (>20min) | L26: FALSE | M26: FALSE | N26: FALSE | O26: FALSE | P26: FALSE | Q26: TRUE | R26: FALSE | T26: Grocery Shop | U26: TRUE | V26: TRUE | W26: TRUE | Y26: Monthly Goals
B27: =B9 -> Social Media (<limit) | C27: TRUE | D27: TRUE | E27: TRUE | F27: TRUE | G27: TRUE | H27: TRUE | I27: TRUE | K27: =B9 -> Social Media (<limit) | L27: TRUE | M27: TRUE | N27: TRUE | O27: TRUE | P27: TRUE | Q27: TRUE | R27: TRUE | T27: Meal Prep | U27: TRUE | V27: TRUE | W27: TRUE | Y27: Wash Sheets | Z27: FALSE
B28: =B10 -> Eat in | C28: TRUE | D28: TRUE | E28: TRUE | F28: TRUE | G28: FALSE | H28: FALSE | I28: TRUE | K28: =B10 -> Eat in | L28: TRUE | M28: TRUE | N28: TRUE | O28: TRUE | P28: FALSE | Q28: TRUE | R28: TRUE | T28: Website work (~2h) | U28: FALSE | V28: FALSE | W28: FALSE | Y28: Haircut | Z28: TRUE
B29: =B11 -> Review Budget/Goals | C29: FALSE | D29: TRUE | E29: TRUE | F29: TRUE | G29: FALSE | H29: FALSE | I29: FALSE | K29: =B11 -> Review Budget/Goals | L29: TRUE | M29: FALSE | N29: TRUE | O29: TRUE | P29: TRUE | Q29: TRUE | R29: TRUE | T29: Recycling | U29: TRUE | V29: TRUE | W29: FALSE | Y29: Savings Deposit | Z29: TRUE
B30: =B12 -> (2x)Brush+(1x)Floss | C30: TRUE | D30: FALSE | E30: TRUE | F30: TRUE | G30: FALSE | H30: FALSE | I30: TRUE | K30: =B12 -> (2x)Brush+(1x)Floss | L30: TRUE | M30: TRUE | N30: TRUE | O30: TRUE | P30: FALSE | Q30: FALSE | R30: FALSE | T30: Trash | U30: TRUE | V30: TRUE | W30: FALSE | Y30: Loan Payment | Z30: TRUE
B31: =B13 -> Water (3L) | C31: FALSE | D31: FALSE | E31: TRUE | F31: TRUE | G31: FALSE | H31: FALSE | I31: FALSE | K31: =B13 -> Water (3L) | L31: TRUE | M31: FALSE | N31: TRUE | O31: FALSE | P31: FALSE | Q31: FALSE | R31: FALSE | T31: Shave/Trim | U31: TRUE | V31: TRUE | W31: TRUE | Y31: Wash mats | Z31: TRUE
B32: =B14 -> 7 hours sleep | C32: FALSE | D32: TRUE | E32: TRUE | F32: FALSE | G32: TRUE | H32: FALSE | I32: TRUE | K32: =B14 -> 7 hours sleep | L32: TRUE | M32: TRUE | N32: FALSE | O32: FALSE | P32: TRUE | Q32: TRUE | R32: TRUE | T32: Water Plants | U32: TRUE | V32: TRUE | W32: TRUE | Y32: Total | Z32: =COUNTIF(Z27:Z31,True)/COUNTA(Z27:Z31) -> 0.8
B33: =B15 -> Clean (~20 min) | C33: TRUE | D33: FALSE | E33: FALSE | F33: TRUE | G33: FALSE | H33: TRUE | I33: TRUE | K33: =B15 -> Clean (~20 min) | L33: TRUE | M33: FALSE | N33: FALSE | O33: TRUE | P33: FALSE | Q33: TRUE | R33: TRUE | T33: Weekend Exercise | U33: TRUE | V33: TRUE | W33: TRUE | Y33: Progress bar | Z33: =IFERROR(__xludf.DUMMYFUNCTION("SPARKLINE(Z32,{""charttype"",""bar"";""max"",1;""min"",0;""color1"",IF(Z32>0.7,""green"",IF(Z32>0.5,""yellow"",""red""))})"),"")
B34: =B16 -> Read (~20 min) | C34: FALSE | D34: FALSE | E34: TRUE | F34: FALSE | G34: FALSE | H34: FALSE | I34: FALSE | K34: =B16 -> Read (~20 min) | L34: FALSE | M34: FALSE | N34: FALSE | O34: FALSE | P34: FALSE | Q34: FALSE | R34: FALSE | T34: Total | U34: =COUNTIF(U24:U33,True)/COUNTA(U24:U33) -> 0.9 | V34: =COUNTIF(V24:V33,True)/COUNTA(V24:V33) -> 0.9 | W34: =COUNTIF(W24:W33,True)/COUNTA(W24:W33) -> 0.7
B35: =B17 -> Vitamins | C35: TRUE | D35: TRUE | E35: TRUE | F35: TRUE | G35: TRUE | H35: FALSE | I35: TRUE | K35: =B17 -> Vitamins | L35: TRUE | M35: TRUE | N35: TRUE | O35: TRUE | P35: FALSE | Q35: FALSE | R35: TRUE | U35: =IFERROR(__xludf.DUMMYFUNCTION("SPARKLINE(U34,{""charttype"",""bar"";""max"",1;""min"",0;""color1"",IF(U34>0.7,""green"",IF(U34>0.5,""yellow"",""red""))})"),"") | V35: =IFERROR(__xludf.DUMMYFUNCTION("SPARKLINE(V34,{""charttype"",""bar"";""max"",1;""min"",0;""color1"",IF(V34>0.7,""green"",IF(V34>0.5,""yellow"",""red""))})"),"") | W35: =IFERROR(__xludf.DUMMYFUNCTION("SPARKLINE(W34,{""charttype"",""bar"";""max"",1;""min"",0;""color1"",IF(W34>0.7,""green"",IF(W34>0.5,""yellow"",""red""))})"),"")
B36: =B18 -> Duolingo | C36: FALSE | D36: FALSE | E36: FALSE | F36: FALSE | G36: FALSE | H36: FALSE | I36: FALSE | K36: =B36 -> Duolingo | L36: FALSE | M36: FALSE | N36: FALSE | O36: FALSE | P36: FALSE | Q36: FALSE | R36: FALSE | T36: Progress bar | U36: =IFERROR(__xludf.DUMMYFUNCTION("SPARKLINE((U34+V34+W34)/3,{""charttype"",""bar"";""max"",1;""min"",0;""color1"",IF((U34+V34+W34)/3>0.7,""green"",IF((U34+V34+W34)/3>0.5,""yellow"",""red""))})"),"")
B37: Total | C37: =COUNTIF(C25:C36,True)/COUNTA(C25:C36) -> 0.5 | D37: =COUNTIF(D25:D36,True)/COUNTA(D25:D36) -> 0.5 | E37: =COUNTIF(E25:E36,True)/COUNTA(E25:E36) -> 0.75 | F37: =COUNTIF(F25:F36,True)/COUNTA(F25:F36) -> 0.75 | G37: =COUNTIF(G25:G36,True)/COUNTA(G25:G36) -> 0.25 | H37: =COUNTIF(H25:H36,True)/COUNTA(H25:H36) -> 0.25 | I37: =COUNTIF(I25:I36,True)/COUNTA(I25:I36) -> 0.5 | K37: Total | L37: =COUNTIF(L25:L35,True)/COUNTA(L25:L35) -> 0.81818182 | M37: =COUNTIF(M25:M35,True)/COUNTA(M25:M35) -> 0.54545455 | N37: =COUNTIF(N25:N35,True)/COUNTA(N25:N35) -> 0.63636364 | O37: =COUNTIF(O25:O35,True)/COUNTA(O25:O35) -> 0.63636364 | P37: =COUNTIF(P25:P35,True)/COUNTA(P25:P35) -> 0.36363636 | Q37: =COUNTIF(Q25:Q35,True)/COUNTA(Q25:Q35) -> 0.54545455 | R37: =COUNTIF(R25:R35,True)/COUNTA(R25:R35) -> 0.54545455
B38: Progress bar | C38: =IFERROR(__xludf.DUMMYFUNCTION("SPARKLINE(C37,{""charttype"",""bar"";""max"",1;""min"",0;""color1"",IF(C37>0.7,""green"",IF(C37>0.5,""yellow"",""red""))})"),"") | D38: =IFERROR(__xludf.DUMMYFUNCTION("SPARKLINE(D37,{""charttype"",""bar"";""max"",1;""min"",0;""color1"",IF(D37>0.7,""green"",IF(D37>0.5,""yellow"",""red""))})"),"") | E38: =IFERROR(__xludf.DUMMYFUNCTION("SPARKLINE(E37,{""charttype"",""bar"";""max"",1;""min"",0;""color1"",IF(E37>0.7,""green"",IF(E37>0.5,""yellow"",""red""))})"),"") | F38: =IFERROR(__xludf.DUMMYFUNCTION("SPARKLINE(F37,{""charttype"",""bar"";""max"",1;""min"",0;""color1"",IF(F37>0.7,""green"",IF(F37>0.5,""yellow"",""red""))})"),"") | G38: =IFERROR(__xludf.DUMMYFUNCTION("SPARKLINE(G37,{""charttype"",""bar"";""max"",1;""min"",0;""color1"",IF(G37>0.7,""green"",IF(G37>0.5,""yellow"",""red""))})"),"") | H38: =IFERROR(__xludf.DUMMYFUNCTION("SPARKLINE(H37,{""charttype"",""bar"";""max"",1;""min"",0;""color1"",IF(H37>0.7,""green"",IF(H37>0.5,""yellow"",""red""))})"),"") | I38: =IFERROR(__xludf.DUMMYFUNCTION("SPARKLINE(I37,{""charttype"",""bar"";""max"",1;""min"",0;""color1"",IF(I37>0.7,""green"",IF(I37>0.5,""yellow"",""red""))})"),"") | K38: Progress bar | L38: =IFERROR(__xludf.DUMMYFUNCTION("SPARKLINE(L37,{""charttype"",""bar"";""max"",1;""min"",0;""color1"",IF(L37>0.7,""green"",IF(L37>0.5,""yellow"",""red""))})"),"") | M38: =IFERROR(__xludf.DUMMYFUNCTION("SPARKLINE(M37,{""charttype"",""bar"";""max"",1;""min"",0;""color1"",IF(M37>0.7,""green"",IF(M37>0.5,""yellow"",""red""))})"),"") | N38: =IFERROR(__xludf.DUMMYFUNCTION("SPARKLINE(N37,{""charttype"",""bar"";""max"",1;""min"",0;""color1"",IF(N37>0.7,""green"",IF(N37>0.5,""yellow"",""red""))})"),"") | O38: =IFERROR(__xludf.DUMMYFUNCTION("SPARKLINE(O37,{""charttype"",""bar"";""max"",1;""min"",0;""color1"",IF(O37>0.7,""green"",IF(O37>0.5,""yellow"",""red""))})"),"") | P38: =IFERROR(__xludf.DUMMYFUNCTION("SPARKLINE(P37,{""charttype"",""bar"";""max"",1;""min"",0;""color1"",IF(P37>0.7,""green"",IF(P37>0.5,""yellow"",""red""))})"),"") | Q38: =IFERROR(__xludf.DUMMYFUNCTION("SPARKLINE(Q37,{""charttype"",""bar"";""max"",1;""min"",0;""color1"",IF(Q37>0.7,""green"",IF(Q37>0.5,""yellow"",""red""))})"),"") | R38: =IFERROR(__xludf.DUMMYFUNCTION("SPARKLINE(R37,{""charttype"",""bar"";""max"",1;""min"",0;""color1"",IF(R37>0.7,""green"",IF(R37>0.5,""yellow"",""red""))})"),"")
B39: Weekly progress bar | C39: =IFERROR(__xludf.DUMMYFUNCTION("SPARKLINE((SUM(C37:I37)+3*AH20)/10,{""charttype"",""bar"";""max"",1;""min"",0;""color1"",IF((SUM(C37:I37)+3*AH20)/10>0.7,""green"",IF((SUM(C37:I37)+3*AH20)/10>0.5,""yellow"",""red""))})"),"") | K39: Weekly progress bar | L39: =IFERROR(__xludf.DUMMYFUNCTION("SPARKLINE((SUM(L37:R37)+3*AI20)/10,{""charttype"",""bar"";""max"",1;""min"",0;""color1"",IF((SUM(L37:R37)+3*AI20)/10>0.7,""green"",IF((SUM(L37:R37)+3*AI20)/10>0.5,""yellow"",""red""))})"),"")

Sheet August2023
D2: =IFERROR(__xludf.DUMMYFUNCTION("SPARKLINE((SUM(C19:I19)+3*SUM(U19:V19) + SUM(L19:R19) + SUM(C37:I37) + SUM(L37:R37) + 3*SUM(U34:V34)+ 5*SUM(Y22))/45,{""charttype"",""bar"";""max"",1;""min"",0;""color1"",IF((SUM(C19:I19)+3*SUM(U19:V19) + SUM(L19:R19) + SUM(C37:I37) + SUM(L37:R37) + 3*SUM"&"(U34:V34)+ 5*SUM(Y22))/45>0.7,""green"",IF((SUM(C19:I19)+3*SUM(U19:V19) + SUM(L19:R19) + SUM(C37:I37) + SUM(L37:R37) + 3*SUM(U34:V34)+ 5*SUM(Y22))/45>0.5,""yellow"",""red""))})"),"")
B3: 45139
B5: Week 1 | C5: =July2023!AF8+1 -> 45138 | D5: =C5+1 -> 45139 | E5: =D5+1 -> 45140 | F5: =E5+1 -> 45141 | G5: =F5+1 -> 45142 | H5: =G5+1 -> 45143 | I5: =H5+1 -> 45144 | K5: Week 2 | L5: =I5+1 -> 45145 | M5: =L5+1 -> 45146 | N5: =M5+1 -> 45147 | O5: =N5+1 -> 45148 | P5: =O5+1 -> 45149 | Q5: =P5+1 -> 45150 | R5: =Q5+1 -> 45151
B6: Day | C6: =CHOOSE(WEEKDAY(C5,2),"Mon","Tue","Wed","Thu","Fri","Sat","Sun") -> Mon | D6: =CHOOSE(WEEKDAY(D5,2),"Mon","Tue","Wed","Thu","Fri","Sat","Sun") -> Tue | E6: =CHOOSE(WEEKDAY(E5,2),"Mon","Tue","Wed","Thu","Fri","Sat","Sun") -> Wed | F6: =CHOOSE(WEEKDAY(F5,2),"Mon","Tue","Wed","Thu","Fri","Sat","Sun") -> Thu | G6: =CHOOSE(WEEKDAY(G5,2),"Mon","Tue","Wed","Thu","Fri","Sat","Sun") -> Fri | H6: =CHOOSE(WEEKDAY(H5,2),"Mon","Tue","Wed","Thu","Fri","Sat","Sun") -> Sat | I6: =CHOOSE(WEEKDAY(I5,2),"Mon","Tue","Wed","Thu","Fri","Sat","Sun") -> Sun | K6: Day | L6: =CHOOSE(WEEKDAY(L5,2),"Mon","Tue","Wed","Thu","Fri","Sat","Sun") -> Mon | M6: =CHOOSE(WEEKDAY(M5,2),"Mon","Tue","Wed","Thu","Fri","Sat","Sun") -> Tue | N6: =CHOOSE(WEEKDAY(N5,2),"Mon","Tue","Wed","Thu","Fri","Sat","Sun") -> Wed | O6: =CHOOSE(WEEKDAY(O5,2),"Mon","Tue","Wed","Thu","Fri","Sat","Sun") -> Thu | P6: =CHOOSE(WEEKDAY(P5,2),"Mon","Tue","Wed","Thu","Fri","Sat","Sun") -> Fri | Q6: =CHOOSE(WEEKDAY(Q5,2),"Mon","Tue","Wed","Thu","Fri","Sat","Sun") -> Sat | R6: =CHOOSE(WEEKDAY(R5,2),"Mon","Tue","Wed","Thu","Fri","Sat","Sun") -> Sun
B7: Exercise | C7: TRUE | D7: FALSE | E7: FALSE | F7: TRUE | G7: FALSE | H7: TRUE | I7: FALSE | K7: =B7 -> Exercise | L7: TRUE | M7: TRUE | N7: FALSE | O7: FALSE | P7: FALSE | Q7: TRUE | R7: FALSE | X7: =(SUM(C19:I19)+3*SUM(U19:V19) + SUM(L19:R19) + SUM(C37:I37) + SUM(L37:R37) + 3*SUM(U34:V34) + 5*SUM(Y22))/45 -> 0.52481481
B8: Stretch/Yoga (>20min) | C8: FALSE | D8: FALSE | E8: FALSE | F8: FALSE | G8: FALSE | H8: FALSE | I8: FALSE | K8: =B8 -> Stretch/Yoga (>20min) | L8: FALSE | M8: FALSE | N8: FALSE | O8: FALSE | P8: FALSE | Q8: FALSE | R8: FALSE | T8: Weekly Goals | U8: Week 1 | V8: Week 2 | X8: {=COUNTIF(C7:I18,TRUE)+COUNTIF(L7:R18,TRUE)+COUNTIF(C25:I36,TRUE)+COUNTIF(L25:R36,TRUE)+3*(COUNTIF(U9:V18,TRUE)+COUNTIF(U24:V33,TRUE))+5*(COUNTIF(Y17:Y21,TRUE))} -> 244
B9: Social Media (<limit) | C9: TRUE | D9: TRUE | E9: TRUE | F9: TRUE | G9: TRUE | H9: TRUE | I9: TRUE | K9: =B9 -> Social Media (<limit) | L9: TRUE | M9: TRUE | N9: TRUE | O9: TRUE | P9: TRUE | Q9: FALSE | R9: TRUE | T9: Laundry | U9: TRUE | V9: TRUE | X9: =X8 + July2023!AB4 -> 2200
B10: Eat in | C10: TRUE | D10: TRUE | E10: TRUE | F10: FALSE | G10: TRUE | H10: FALSE | I10: FALSE | K10: =B10 -> Eat in | L10: TRUE | M10: FALSE | N10: TRUE | O10: TRUE | P10: TRUE | Q10: FALSE | R10: TRUE | T10: Cleaning | U10: TRUE | V10: TRUE
B11: Review Budget/Goals | C11: FALSE | D11: FALSE | E11: TRUE | F11: FALSE | G11: FALSE | H11: TRUE | I11: TRUE | K11: =B11 -> Review Budget/Goals | L11: FALSE | M11: TRUE | N11: FALSE | O11: FALSE | P11: FALSE | Q11: FALSE | R11: FALSE | T11: Grocery Shop | U11: FALSE | V11: TRUE
B12: (2x)Brush+(1x)Floss | C12: TRUE | D12: TRUE | E12: TRUE | F12: FALSE | G12: TRUE | H12: FALSE | I12: FALSE | K12: =B12 -> (2x)Brush+(1x)Floss | L12: TRUE | M12: TRUE | N12: TRUE | O12: TRUE | P12: TRUE | Q12: FALSE | R12: TRUE | T12: Meal Prep | U12: FALSE | V12: FALSE
B13: Water (3L) | C13: FALSE | D13: TRUE | E13: FALSE | F13: FALSE | G13: FALSE | H13: FALSE | I13: FALSE | K13: =B13 -> Water (3L) | L13: FALSE | M13: FALSE | N13: FALSE | O13: FALSE | P13: FALSE | Q13: FALSE | R13: FALSE | T13: Website work (~2h) | U13: FALSE | V13: FALSE
B14: 7 hours sleep | C14: FALSE | D14: TRUE | E14: TRUE | F14: TRUE | G14: FALSE | H14: TRUE | I14: TRUE | K14: =B14 -> 7 hours sleep | L14: TRUE | M14: TRUE | N14: TRUE | O14: FALSE | P14: FALSE | Q14: FALSE | R14: TRUE | T14: Recycling | U14: FALSE | V14: TRUE
B15: Clean (~20 min) | C15: TRUE | D15: FALSE | E15: FALSE | F15: FALSE | G15: FALSE | H15: FALSE | I15: TRUE | K15: =B15 -> Clean (~20 min) | L15: TRUE | M15: FALSE | N15: FALSE | O15: FALSE | P15: TRUE | Q15: FALSE | R15: TRUE | T15: Trash | U15: FALSE | V15: TRUE
B16: Read (~20 min) | C16: FALSE | D16: TRUE | E16: FALSE | F16: FALSE | G16: FALSE | H16: FALSE | I16: FALSE | K16: =B16 -> Read (~20 min) | L16: FALSE | M16: FALSE | N16: FALSE | O16: FALSE | P16: FALSE | Q16: FALSE | R16: FALSE | T16: Shave/Trim | U16: TRUE | V16: TRUE | X16: Monthly Goals
B17: Vitamins | C17: TRUE | D17: TRUE | E17: TRUE | F17: FALSE | G17: TRUE | H17: FALSE | I17: TRUE | K17: =B17 -> Vitamins | L17: TRUE | M17: TRUE | N17: TRUE | O17: TRUE | P17: TRUE | Q17: FALSE | R17: TRUE | T17: Water Plants | U17: TRUE | V17: TRUE | X17: Wash Sheets | Y17: TRUE
B18: Duolingo | C18: TRUE | D18: FALSE | E18: FALSE | F18: FALSE | G18: TRUE | H18: FALSE | I18: FALSE | K18: =B18 -> Duolingo | L18: FALSE | M18: FALSE | N18: TRUE | O18: FALSE | P18: FALSE | Q18: FALSE | R18: FALSE | T18: Weekend Exercise | U18: TRUE | V18: TRUE | X18: Haircut | Y18: FALSE
B19: Total | C19: =COUNTIF(C7:C18,True)/COUNTA(C7:C18) -> 0.58333333 | D19: =COUNTIF(D7:D18,True)/COUNTA(D7:D18) -> 0.58333333 | E19: =COUNTIF(E7:E18,True)/COUNTA(E7:E18) -> 0.5 | F19: =COUNTIF(F7:F18,True)/COUNTA(F7:F18) -> 0.25 | G19: =COUNTIF(G7:G18,True)/COUNTA(G7:G18) -> 0.41666667 | H19: =COUNTIF(H7:H18,True)/COUNTA(H7:H18) -> 0.33333333 | I19: =COUNTIF(I7:I18,True)/COUNTA(I7:I18) -> 0.41666667 | K19: Total | L19: =COUNTIF(L7:L18,True)/COUNTA(L7:L18) -> 0.58333333 | M19: =COUNTIF(M7:M18,True)/COUNTA(M7:M18) -> 0.5 | N19: =COUNTIF(N7:N18,True)/COUNTA(N7:N18) -> 0.5 | O19: =COUNTIF(O7:O18,True)/COUNTA(O7:O18) -> 0.33333333 | P19: =COUNTIF(P7:P18,True)/COUNTA(P7:P18) -> 0.41666667 | Q19: =COUNTIF(Q7:Q18,True)/COUNTA(Q7:Q18) -> 0.083333333 | R19: =COUNTIF(R7:R18,True)/COUNTA(R7:R18) -> 0.5 | T19: Total | U19: =COUNTIF(U9:U18,True)/COUNTA(U9:U18) -> 0.5 | V19: =COUNTIF(V9:V18,True)/COUNTA(V9:V18) -> 0.8 | X19: Savings Deposit | Y19: TRUE
B20: Progress bar | C20: =IFERROR(__xludf.DUMMYFUNCTION("SPARKLINE(C19,{""charttype"",""bar"";""max"",1;""min"",0;""color1"",IF(C19>0.7,""green"",IF(C19>0.5,""yellow"",""red""))})"),"") | D20: =IFERROR(__xludf.DUMMYFUNCTION("SPARKLINE(D19,{""charttype"",""bar"";""max"",1;""min"",0;""color1"",IF(D19>0.7,""green"",IF(D19>0.5,""yellow"",""red""))})"),"") | E20: =IFERROR(__xludf.DUMMYFUNCTION("SPARKLINE(E19,{""charttype"",""bar"";""max"",1;""min"",0;""color1"",IF(E19>0.7,""green"",IF(E19>0.5,""yellow"",""red""))})"),"") | F20: =IFERROR(__xludf.DUMMYFUNCTION("SPARKLINE(F19,{""charttype"",""bar"";""max"",1;""min"",0;""color1"",IF(F19>0.7,""green"",IF(F19>0.5,""yellow"",""red""))})"),"") | G20: =IFERROR(__xludf.DUMMYFUNCTION("SPARKLINE(G19,{""charttype"",""bar"";""max"",1;""min"",0;""color1"",IF(G19>0.7,""green"",IF(G19>0.5,""yellow"",""red""))})"),"") | H20: =IFERROR(__xludf.DUMMYFUNCTION("SPARKLINE(H19,{""charttype"",""bar"";""max"",1;""min"",0;""color1"",IF(H19>0.7,""green"",IF(H19>0.5,""yellow"",""red""))})"),"") | I20: =IFERROR(__xludf.DUMMYFUNCTION("SPARKLINE(I19,{""charttype"",""bar"";""max"",1;""min"",0;""color1"",IF(I19>0.7,""green"",IF(I19>0.5,""yellow"",""red""))})"),"") | K20: Progress bar | L20: =IFERROR(__xludf.DUMMYFUNCTION("SPARKLINE(L19,{""charttype"",""bar"";""max"",1;""min"",0;""color1"",IF(L19>0.7,""green"",IF(L19>0.5,""yellow"",""red""))})"),"") | M20: =IFERROR(__xludf.DUMMYFUNCTION("SPARKLINE(M19,{""charttype"",""bar"";""max"",1;""min"",0;""color1"",IF(M19>0.7,""green"",IF(M19>0.5,""yellow"",""red""))})"),"") | N20: =IFERROR(__xludf.DUMMYFUNCTION("SPARKLINE(N19,{""charttype"",""bar"";""max"",1;""min"",0;""color1"",IF(N19>0.7,""green"",IF(N19>0.5,""yellow"",""red""))})"),"") | O20: =IFERROR(__xludf.DUMMYFUNCTION("SPARKLINE(O19,{""charttype"",""bar"";""max"",1;""min"",0;""color1"",IF(O19>0.7,""green"",IF(O19>0.5,""yellow"",""red""))})"),"") | P20: =IFERROR(__xludf.DUMMYFUNCTION("SPARKLINE(P19,{""charttype"",""bar"";""max"",1;""min"",0;""color1"",IF(P19>0.7,""green"",IF(P19>0.5,""yellow"",""red""))})"),"") | Q20: =IFERROR(__xludf.DUMMYFUNCTION("SPARKLINE(Q19,{""charttype"",""bar"";""max"",1;""min"",0;""color1"",IF(Q19>0.7,""green"",IF(Q19>0.5,""yellow"",""red""))})"),"") | R20: =IFERROR(__xludf.DUMMYFUNCTION("SPARKLINE(R19,{""charttype"",""bar"";""max"",1;""min"",0;""color1"",IF(R19>0.7,""green"",IF(R19>0.5,""yellow"",""red""))})"),"") | U20: =IFERROR(__xludf.DUMMYFUNCTION("SPARKLINE(U19,{""charttype"",""bar"";""max"",1;""min"",0;""color1"",IF(U19>0.7,""green"",IF(U19>0.5,""yellow"",""red""))})"),"") | V20: =IFERROR(__xludf.DUMMYFUNCTION("SPARKLINE(V19,{""charttype"",""bar"";""max"",1;""min"",0;""color1"",IF(V19>0.7,""green"",IF(V19>0.5,""yellow"",""red""))})"),"") | X20: Loan Payment | Y20: TRUE
B21: Weekly progress bar | C21: =IFERROR(__xludf.DUMMYFUNCTION("SPARKLINE((SUM(C19:I19)+3*U19)/10,{""charttype"",""bar"";""max"",1;""min"",0;""color1"",IF((SUM(C19:I19)+3*U19)/10>0.7,""green"",IF((SUM(C19:I19)+3*U19)/10>0.5,""yellow"",""red""))})"),"") | K21: Weekly progress bar | L21: =IFERROR(__xludf.DUMMYFUNCTION("SPARKLINE((SUM(L19:R19)+3*V19)/10,{""charttype"",""bar"";""max"",1;""min"",0;""color1"",IF((SUM(L19:R19)+3*V19)/10>0.7,""green"",IF((SUM(L19:R19)+3*V19)/10>0.5,""yellow"",""red""))})"),"") | T21: Progress bar | U21: =IFERROR(__xludf.DUMMYFUNCTION("SPARKLINE((U19+V19)/2,{""charttype"",""bar"";""max"",1;""min"",0;""color1"",IF((U19+V19)/2>0.7,""green"",IF((U19+V19)/2>0.5,""yellow"",""red""))})"),"") | X21: Wash mats | Y21: FALSE
X22: Total | Y22: =COUNTIF(Y17:Y21,True)/COUNTA(Y17:Y21) -> 0.6
B23: Week 3 | C23: =R5+1 -> 45152 | D23: =C23+1 -> 45153 | E23: =D23+1 -> 45154 | F23: =E23+1 -> 45155 | G23: =F23+1 -> 45156 | H23: =G23+1 -> 45157 | I23: =H23+1 -> 45158 | K23: Week 4 | L23: =I23+1 -> 45159 | M23: =L23+1 -> 45160 | N23: =M23+1 -> 45161 | O23: =N23+1 -> 45162 | P23: =O23+1 -> 45163 | Q23: =P23+1 -> 45164 | R23: =Q23+1 -> 45165 | T23: Weekly Goals | U23: Week 3 | V23: Week 4 | X23: Progress bar | Y23: =IFERROR(__xludf.DUMMYFUNCTION("SPARKLINE(Y22,{""charttype"",""bar"";""max"",1;""min"",0;""color1"",IF(Y22>0.7,""green"",IF(Y22>0.5,""yellow"",""red""))})"),"")
B24: Day | C24: =CHOOSE(WEEKDAY(C23,2),"Mon","Tue","Wed","Thu","Fri","Sat","Sun") -> Mon | D24: =CHOOSE(WEEKDAY(D23,2),"Mon","Tue","Wed","Thu","Fri","Sat","Sun") -> Tue | E24: =CHOOSE(WEEKDAY(E23,2),"Mon","Tue","Wed","Thu","Fri","Sat","Sun") -> Wed | F24: =CHOOSE(WEEKDAY(F23,2),"Mon","Tue","Wed","Thu","Fri","Sat","Sun") -> Thu | G24: =CHOOSE(WEEKDAY(G23,2),"Mon","Tue","Wed","Thu","Fri","Sat","Sun") -> Fri | H24: =CHOOSE(WEEKDAY(H23,2),"Mon","Tue","Wed","Thu","Fri","Sat","Sun") -> Sat | I24: =CHOOSE(WEEKDAY(I23,2),"Mon","Tue","Wed","Thu","Fri","Sat","Sun") -> Sun | K24: Day | L24: =CHOOSE(WEEKDAY(L23,2),"Mon","Tue","Wed","Thu","Fri","Sat","Sun") -> Mon | M24: =CHOOSE(WEEKDAY(M23,2),"Mon","Tue","Wed","Thu","Fri","Sat","Sun") -> Tue | N24: =CHOOSE(WEEKDAY(N23,2),"Mon","Tue","Wed","Thu","Fri","Sat","Sun") -> Wed | O24: =CHOOSE(WEEKDAY(O23,2),"Mon","Tue","Wed","Thu","Fri","Sat","Sun") -> Thu | P24: =CHOOSE(WEEKDAY(P23,2),"Mon","Tue","Wed","Thu","Fri","Sat","Sun") -> Fri | Q24: =CHOOSE(WEEKDAY(Q23,2),"Mon","Tue","Wed","Thu","Fri","Sat","Sun") -> Sat | R24: =CHOOSE(WEEKDAY(R23,2),"Mon","Tue","Wed","Thu","Fri","Sat","Sun") -> Sun | T24: Laundry | U24: TRUE | V24: TRUE
B25: =B7 -> Exercise | C25: TRUE | D25: TRUE | E25: TRUE | F25: TRUE | G25: FALSE | H25: FALSE | I25: TRUE | K25: =B7 -> Exercise | L25: TRUE | M25: TRUE | N25: TRUE | O25: TRUE | P25: FALSE | Q25: FALSE | R25: FALSE | T25: Cleaning | U25: TRUE | V25: TRUE
B26: =B8 -> Stretch/Yoga (>20min) | C26: FALSE | D26: FALSE | E26: FALSE | F26: FALSE | G26: FALSE | H26: FALSE | I26: FALSE | K26: =B8 -> Stretch/Yoga (>20min) | L26: FALSE | M26: FALSE | N26: FALSE | O26: FALSE | P26: FALSE | Q26: FALSE | R26: FALSE | T26: Grocery Shop | U26: TRUE | V26: TRUE
B27: =B9 -> Social Media (<limit) | C27: TRUE | D27: TRUE | E27: TRUE | F27: TRUE | G27: FALSE | H27: FALSE | I27: FALSE | K27: =B9 -> Social Media (<limit) | L27: TRUE | M27: TRUE | N27: TRUE | O27: TRUE | P27: TRUE | Q27: TRUE | R27: TRUE | T27: Meal Prep | U27: FALSE | V27: TRUE
B28: =B10 -> Eat in | C28: TRUE | D28: TRUE | E28: TRUE | F28: TRUE | G28: TRUE | H28: TRUE | I28: FALSE | K28: =B10 -> Eat in | L28: TRUE | M28: FALSE | N28: FALSE | O28: FALSE | P28: TRUE | Q28: TRUE | R28: TRUE | T28: Website work (~2h) | U28: FALSE | V28: FALSE
B29: =B11 -> Review Budget/Goals | C29: TRUE | D29: TRUE | E29: TRUE | F29: FALSE | G29: TRUE | H29: FALSE | I29: FALSE | K29: =B11 -> Review Budget/Goals | L29: FALSE | M29: TRUE | N29: TRUE | O29: FALSE | P29: TRUE | Q29: TRUE | R29: FALSE | T29: Recycling | U29: FALSE | V29: FALSE
B30: =B12 -> (2x)Brush+(1x)Floss | C30: TRUE | D30: TRUE | E30: TRUE | F30: TRUE | G30: TRUE | H30: FALSE | I30: FALSE | K30: =B12 -> (2x)Brush+(1x)Floss | L30: TRUE | M30: TRUE | N30: TRUE | O30: TRUE | P30: FALSE | Q30: TRUE | R30: TRUE | T30: Trash | U30: FALSE | V30: FALSE
B31: =B13 -> Water (3L) | C31: TRUE | D31: TRUE | E31: TRUE | F31: TRUE | G31: FALSE | H31: FALSE | I31: FALSE | K31: =B13 -> Water (3L) | L31: TRUE | M31: FALSE | N31: TRUE | O31: TRUE | P31: FALSE | Q31: FALSE | R31: FALSE | T31: Shave/Trim | U31: TRUE | V31: TRUE
B32: =B14 -> 7 hours sleep | C32: TRUE | D32: TRUE | E32: FALSE | F32: TRUE | G32: FALSE | H32: TRUE | I32: FALSE | K32: =B14 -> 7 hours sleep | L32: TRUE | M32: TRUE | N32: FALSE | O32: FALSE | P32: FALSE | Q32: TRUE | R32: TRUE | T32: Water Plants | U32: FALSE | V32: TRUE
B33: =B15 -> Clean (~20 min) | C33: TRUE | D33: FALSE | E33: FALSE | F33: FALSE | G33: TRUE | H33: TRUE | I33: FALSE | K33: =B15 -> Clean (~20 min) | L33: TRUE | M33: FALSE | N33: TRUE | O33: FALSE | P33: TRUE | Q33: TRUE | R33: TRUE | T33: Weekend Exercise | U33: TRUE | V33: FALSE
B34: =B16 -> Read (~20 min) | C34: TRUE | D34: FALSE | E34: FALSE | F34: FALSE | G34: FALSE | H34: FALSE | I34: FALSE | K34: =B16 -> Read (~20 min) | L34: FALSE | M34: FALSE | N34: TRUE | O34: FALSE | P34: FALSE | Q34: FALSE | R34: FALSE | T34: Total | U34: =COUNTIF(U24:U33,True)/COUNTA(U24:U33) -> 0.5 | V34: =COUNTIF(V24:V33,True)/COUNTA(V24:V33) -> 0.6
B35: =B17 -> Vitamins | C35: TRUE | D35: TRUE | E35: TRUE | F35: TRUE | G35: TRUE | H35: FALSE | I35: FALSE | K35: =B17 -> Vitamins | L35: TRUE | M35: TRUE | N35: TRUE | O35: TRUE | P35: TRUE | Q35: FALSE | R35: TRUE | U35: =IFERROR(__xludf.DUMMYFUNCTION("SPARKLINE(U34,{""charttype"",""bar"";""max"",1;""min"",0;""color1"",IF(U34>0.7,""green"",IF(U34>0.5,""yellow"",""red""))})"),"") | V35: =IFERROR(__xludf.DUMMYFUNCTION("SPARKLINE(V34,{""charttype"",""bar"";""max"",1;""min"",0;""color1"",IF(V34>0.7,""green"",IF(V34>0.5,""yellow"",""red""))})"),"")
B36: =B18 -> Duolingo | C36: FALSE | D36: FALSE | E36: FALSE | F36: FALSE | G36: FALSE | H36: FALSE | I36: FALSE | K36: =B36 -> Duolingo | L36: FALSE | M36: FALSE | N36: FALSE | O36: FALSE | P36: FALSE | Q36: FALSE | R36: FALSE | T36: Progress bar | U36: =IFERROR(__xludf.DUMMYFUNCTION("SPARKLINE((U34+V34)/2,{""charttype"",""bar"";""max"",1;""min"",0;""color1"",IF((U34+V34)/2>0.7,""green"",IF((U34+V34)/2>0.5,""yellow"",""red""))})"),"")
B37: Total | C37: =COUNTIF(C25:C36,True)/COUNTA(C25:C36) -> 0.83333333 | D37: =COUNTIF(D25:D36,True)/COUNTA(D25:D36) -> 0.66666667 | E37: =COUNTIF(E25:E36,True)/COUNTA(E25:E36) -> 0.58333333 | F37: =COUNTIF(F25:F36,True)/COUNTA(F25:F36) -> 0.58333333 | G37: =COUNTIF(G25:G36,True)/COUNTA(G25:G36) -> 0.41666667 | H37: =COUNTIF(H25:H36,True)/COUNTA(H25:H36) -> 0.25 | I37: =COUNTIF(I25:I36,True)/COUNTA(I25:I36) -> 0.083333333 | K37: Total | L37: =COUNTIF(L25:L35,True)/COUNTA(L25:L35) -> 0.72727273 | M37: =COUNTIF(M25:M35,True)/COUNTA(M25:M35) -> 0.54545455 | N37: =COUNTIF(N25:N35,True)/COUNTA(N25:N35) -> 0.72727273 | O37: =COUNTIF(O25:O35,True)/COUNTA(O25:O35) -> 0.45454545 | P37: =COUNTIF(P25:P35,True)/COUNTA(P25:P35) -> 0.45454545 | Q37: =COUNTIF(Q25:Q35,True)/COUNTA(Q25:Q35) -> 0.54545455 | R37: =COUNTIF(R25:R35,True)/COUNTA(R25:R35) -> 0.54545455
B38: Progress bar | C38: =IFERROR(__xludf.DUMMYFUNCTION("SPARKLINE(C37,{""charttype"",""bar"";""max"",1;""min"",0;""color1"",IF(C37>0.7,""green"",IF(C37>0.5,""yellow"",""red""))})"),"") | D38: =IFERROR(__xludf.DUMMYFUNCTION("SPARKLINE(D37,{""charttype"",""bar"";""max"",1;""min"",0;""color1"",IF(D37>0.7,""green"",IF(D37>0.5,""yellow"",""red""))})"),"") | E38: =IFERROR(__xludf.DUMMYFUNCTION("SPARKLINE(E37,{""charttype"",""bar"";""max"",1;""min"",0;""color1"",IF(E37>0.7,""green"",IF(E37>0.5,""yellow"",""red""))})"),"") | F38: =IFERROR(__xludf.DUMMYFUNCTION("SPARKLINE(F37,{""charttype"",""bar"";""max"",1;""min"",0;""color1"",IF(F37>0.7,""green"",IF(F37>0.5,""yellow"",""red""))})"),"") | G38: =IFERROR(__xludf.DUMMYFUNCTION("SPARKLINE(G37,{""charttype"",""bar"";""max"",1;""min"",0;""color1"",IF(G37>0.7,""green"",IF(G37>0.5,""yellow"",""red""))})"),"") | H38: =IFERROR(__xludf.DUMMYFUNCTION("SPARKLINE(H37,{""charttype"",""bar"";""max"",1;""min"",0;""color1"",IF(H37>0.7,""green"",IF(H37>0.5,""yellow"",""red""))})"),"") | I38: =IFERROR(__xludf.DUMMYFUNCTION("SPARKLINE(I37,{""charttype"",""bar"";""max"",1;""min"",0;""color1"",IF(I37>0.7,""green"",IF(I37>0.5,""yellow"",""red""))})"),"") | K38: Progress bar | L38: =IFERROR(__xludf.DUMMYFUNCTION("SPARKLINE(L37,{""charttype"",""bar"";""max"",1;""min"",0;""color1"",IF(L37>0.7,""green"",IF(L37>0.5,""yellow"",""red""))})"),"") | M38: =IFERROR(__xludf.DUMMYFUNCTION("SPARKLINE(M37,{""charttype"",""bar"";""max"",1;""min"",0;""color1"",IF(M37>0.7,""green"",IF(M37>0.5,""yellow"",""red""))})"),"") | N38: =IFERROR(__xludf.DUMMYFUNCTION("SPARKLINE(N37,{""charttype"",""bar"";""max"",1;""min"",0;""color1"",IF(N37>0.7,""green"",IF(N37>0.5,""yellow"",""red""))})"),"") | O38: =IFERROR(__xludf.DUMMYFUNCTION("SPARKLINE(O37,{""charttype"",""bar"";""max"",1;""min"",0;""color1"",IF(O37>0.7,""green"",IF(O37>0.5,""yellow"",""red""))})"),"") | P38: =IFERROR(__xludf.DUMMYFUNCTION("SPARKLINE(P37,{""charttype"",""bar"";""max"",1;""min"",0;""color1"",IF(P37>0.7,""green"",IF(P37>0.5,""yellow"",""red""))})"),"") | Q38: =IFERROR(__xludf.DUMMYFUNCTION("SPARKLINE(Q37,{""charttype"",""bar"";""max"",1;""min"",0;""color1"",IF(Q37>0.7,""green"",IF(Q37>0.5,""yellow"",""red""))})"),"") | R38: =IFERROR(__xludf.DUMMYFUNCTION("SPARKLINE(R37,{""charttype"",""bar"";""max"",1;""min"",0;""color1"",IF(R37>0.7,""green"",IF(R37>0.5,""yellow"",""red""))})"),"")
B39: Weekly progress bar | C39: =IFERROR(__xludf.DUMMYFUNCTION("SPARKLINE((SUM(C37:I37)+3*U34)/10,{""charttype"",""bar"";""max"",1;""min"",0;""color1"",IF((SUM(C37:I37)+3*U34)/10>0.7,""green"",IF((SUM(C37:I37)+3*U34)/10>0.5,""yellow"",""red""))})"),"") | K39: Weekly progress bar | L39: =IFERROR(__xludf.DUMMYFUNCTION("SPARKLINE((SUM(L37:R37)+3*V34)/10,{""charttype"",""bar"";""max"",1;""min"",0;""color1"",IF((SUM(L37:R37)+3*V34)/10>0.7,""green"",IF((SUM(L37:R37)+3*V34)/10>0.5,""yellow"",""red""))})"),"")

Sheet September2023
